t_s,x_px,y_px
0.000000,427.875000,363.875000
0.033000,419.500000,366.500000
0.066000,409.500000,370.500000
0.099000,397.761902,375.142853
0.132000,385.500000,377.500000
0.165000,363.097565,384.048767
0.198000,354.838989,385.601685
0.231000,337.500000,389.500000
0.264000,319.653839,392.500000
0.297000,300.997162,394.228821
0.330000,291.500000,395.500000
0.363000,262.500000,395.966675
0.396000,234.681824,395.500000
0.429000,216.500000,393.653839
0.462000,199.125000,391.875000
0.495000,182.500000,388.500000
0.528000,167.601700,386.161011
0.561000,154.807693,382.807678
0.594000,142.500000,379.500000
0.627000,137.500000,378.500000
0.660000,128.500000,376.136353
0.693000,118.500000,372.500000
0.726000,113.964287,371.035706
0.759000,112.685188,370.314819
0.792000,113.035713,371.964294
0.825000,114.500000,372.500000
0.858000,118.892860,374.107147
0.891000,124.500000,376.500000
0.924000,132.500000,378.500000
0.957000,142.500000,382.500000
0.990000,148.500000,384.500000
1.023000,161.192307,387.807678
1.056000,176.500000,391.500000
1.089000,192.500000,394.500000
1.122000,200.500000,395.500000
1.155000,218.500000,398.500000
1.188000,236.500000,398.500000
1.221000,255.800003,399.799988
1.254000,265.405762,400.112579
1.287000,294.500000,399.500000
1.320000,312.500000,396.500000
1.353000,331.035706,393.964294
1.386000,348.500000,390.500000
1.419000,364.500000,386.500000
1.452000,372.243835,384.578827
1.485000,392.500000,378.500000
1.518000,404.500000,374.500000
1.551000,413.921051,369.921051
1.584000,421.974884,367.280823
1.617000,426.863647,364.500000
1.650000,430.500000,362.500000
1.683000,433.200012,361.200012
1.716000,433.887848,360.682251
1.749000,432.500000,360.500000
1.782000,429.013824,362.162994
1.815000,422.863647,364.500000
1.848000,416.500000,366.500000
1.881000,406.863647,370.500000
1.914000,396.500000,374.500000
1.947000,383.799988,377.799988
1.980000,377.500000,379.500000
2.013000,354.500000,385.500000
2.046000,338.500000,388.500000
2.079000,321.500000,391.500000
2.112000,303.035706,393.964294
2.145000,294.136353,394.500000
2.178000,274.731537,395.613312
2.211000,247.500000,395.500000
2.244000,229.964279,395.035706
2.277000,211.964279,393.035706
2.310000,203.500000,392.366669
2.343000,179.500000,388.500000
2.376000,166.500000,386.500000
2.409000,153.208160,382.594421
2.442000,141.943665,380.704224
2.475000,132.892853,378.107147
2.508000,126.892860,376.107147
2.541000,120.892860,374.107147
2.574000,117.500000,373.500000
2.607000,116.500000,373.000000
2.640000,117.120689,373.879303
2.673000,117.500000,374.500000
2.706000,123.233330,376.500000
2.739000,130.500000,379.500000
2.772000,139.500000,382.500000
2.805000,150.361710,386.319153
2.838000,162.500000,389.500000
2.871000,176.500000,391.500000
2.904000,192.500000,395.500000
2.937000,208.840576,397.739136
2.970000,226.107147,398.892853
3.003000,244.500000,400.500000
3.036000,262.578827,400.243835
3.069000,281.117523,400.366364
3.102000,300.500000,398.500000
3.135000,318.500000,396.500000
3.168000,336.291473,393.177734
3.201000,352.012329,389.421173
3.234000,367.035706,385.964294
3.267000,381.500000,381.500000
3.300000,393.500000,377.323517
3.333000,403.500000,373.500000
3.366000,412.500000,370.500000
3.399000,418.500000,366.500000
3.432000,424.500000,364.500000
3.465000,427.500000,362.966675
3.498000,428.500000,362.500000
3.531000,428.500000,362.500000
3.564000,426.500000,362.500000
3.597000,423.053650,363.705994
3.630000,417.029419,365.500000
3.663000,408.500000,368.500000
3.696000,398.756165,372.421173
3.729000,388.500000,376.500000
3.762000,375.979248,379.426270
3.795000,362.500000,382.500000
3.828000,346.500000,386.500000
3.861000,330.500000,390.136353
3.894000,314.500000,392.500000
3.927000,296.500000,394.500000
3.960000,276.994629,395.263428
3.993000,260.366669,395.500000
4.026000,242.500000,396.500000
4.059000,224.500000,394.500000
4.092000,207.964279,393.035706
4.125000,191.964279,391.035706
4.158000,177.630646,388.650757
4.191000,164.500000,386.500000
4.224000,152.892853,384.107147
4.257000,142.500000,381.766663
4.290000,134.500000,379.500000
4.323000,128.892853,378.107147
4.356000,123.157372,376.412354
4.389000,120.823532,376.000000
4.422000,120.500000,376.500000
4.455000,120.500000,376.500000
4.488000,122.107140,376.892853
4.521000,126.500000,378.500000
4.554000,133.147064,380.500000
4.587000,141.500000,384.500000
4.620000,151.943665,386.704224
4.653000,164.892853,390.107147
4.686000,176.616440,392.589050
4.719000,192.500000,395.500000
4.752000,208.500000,397.500000
4.785000,225.613297,398.731537
4.818000,243.035721,399.964294
4.851000,260.750000,400.500000
4.884000,279.035706,399.964294
4.917000,287.000000,399.500000
4.950000,305.970581,397.500000
4.983000,322.500000,394.500000
5.016000,339.512360,391.969147
5.049000,355.500000,388.033325
5.082000,370.136353,384.500000
5.115000,382.500000,380.500000
5.148000,392.500000,376.500000
5.181000,402.500000,372.500000
5.214000,410.500000,370.500000
5.247000,416.500000,367.000000
5.280000,420.500000,364.500000
5.313000,422.500000,364.500000
5.346000,423.500000,363.500000
5.379000,421.974884,363.280823
5.412000,418.500000,364.500000
5.445000,412.500000,366.500000
5.478000,405.030853,369.487640
5.511000,396.136353,372.500000
5.544000,390.500000,374.500000
5.577000,380.033325,378.033325
5.610000,366.500000,380.500000
5.643000,353.421173,384.987671
5.676000,338.500000,388.500000
5.709000,322.264709,390.735291
5.742000,305.500000,393.029419
5.775000,287.500000,394.500000
5.808000,270.840576,395.739136
5.841000,252.500000,395.653839
5.874000,244.500000,396.500000
5.907000,219.964279,395.035706
5.940000,203.208160,392.594421
5.973000,181.500000,390.500000
6.006000,168.892853,388.107147
6.039000,155.964279,385.035706
6.072000,146.500000,383.500000
6.105000,138.500000,381.500000
6.138000,134.892853,380.107147
6.171000,128.987686,379.421173
6.204000,125.500000,378.500000
6.237000,124.026314,378.500000
6.270000,123.888885,378.555542
6.303000,125.500000,379.045441
6.336000,129.500000,380.500000
6.369000,135.943665,382.704224
6.402000,143.500000,384.500000
6.435000,148.572632,386.594971
6.468000,165.943665,390.704224
6.501000,178.500000,393.500000
6.534000,192.500000,395.500000
6.567000,208.500000,397.500000
6.600000,225.035721,399.964294
6.633000,242.500000,400.500000
6.666000,260.687500,400.500000
6.699000,269.739136,400.840576
6.732000,286.187500,399.500000
6.765000,303.970581,397.500000
6.798000,320.500000,394.500000
6.831000,337.035706,391.964294
6.864000,352.500000,388.500000
6.897000,365.964294,385.035706
6.930000,378.500000,381.346161
6.963000,389.500000,377.323517
6.996000,398.500000,374.500000
7.029000,409.030853,369.487640
7.062000,414.500000,367.000000
7.095000,417.799988,365.200012
7.128000,418.500000,364.500000
7.161000,418.500000,364.500000
7.194000,417.719177,363.974884
7.227000,416.500000,364.500000
7.260000,411.908386,366.028809
7.293000,406.500000,368.500000
7.326000,397.500000,371.299988
7.359000,383.200012,375.799988
7.392000,371.500000,379.323517
7.425000,358.500000,382.863647
7.458000,344.578827,386.243835
7.491000,329.500000,389.029419
7.524000,313.500000,391.500000
7.557000,297.323517,393.500000
7.590000,279.964294,395.035706
7.623000,272.366669,395.500000
7.656000,254.500000,396.500000
7.689000,237.500000,395.500000
7.722000,221.500000,395.029419
7.755000,205.500000,393.500000
7.788000,191.035721,391.964294
7.821000,178.500000,390.500000
7.854000,165.487656,387.969147
7.887000,159.964279,387.035706
7.920000,150.291473,385.177734
7.953000,138.107147,382.892853
7.986000,132.500000,381.500000
8.019000,129.157364,380.412354
8.052000,127.871429,380.528564
8.085000,127.882492,380.633636
8.118000,129.387894,380.872192
8.151000,132.892853,382.107147
8.184000,139.147064,384.500000
8.217000,146.638290,386.680847
8.250000,156.500000,389.500000
8.283000,168.107147,392.892853
8.316000,180.500000,394.500000
8.349000,188.107147,396.892853
8.382000,202.500000,397.500000
8.415000,218.500000,399.500000
8.448000,234.500000,400.500000
8.481000,251.514923,401.037323
8.514000,269.369354,400.650757
8.547000,286.500000,400.500000
8.580000,303.035706,397.964294
8.613000,319.500000,395.500000
8.646000,334.863647,392.500000
8.679000,350.072784,388.631470
8.712000,363.200012,385.200012
8.745000,375.471008,381.311584
8.778000,385.554382,378.018829
8.811000,394.500000,374.500000
8.844000,398.500000,372.500000
8.877000,408.019989,368.980011
8.910000,412.051361,366.813507
8.943000,414.500000,365.038452
8.976000,415.112152,364.682251
9.009000,414.500000,364.500000
9.042000,412.500000,364.500000
9.075000,405.500000,367.500000
9.108000,398.500000,370.136353
9.141000,394.192322,371.500000
9.174000,385.021729,374.152161
9.207000,374.500000,377.500000
9.240000,362.939484,380.735657
9.273000,349.906097,384.317261
9.306000,342.500000,385.500000
9.339000,328.233337,388.500000
9.372000,304.500000,392.500000
9.405000,288.500000,394.500000
9.438000,272.500000,395.500000
9.471000,255.500000,396.500000
9.504000,238.650757,395.630646
9.537000,231.035721,395.964294
9.570000,208.500000,394.500000
9.603000,193.613297,392.731537
9.636000,179.908371,390.971191
9.669000,168.500000,389.500000
9.702000,157.208160,386.594421
9.735000,148.587646,385.842621
9.768000,141.500000,384.500000
9.801000,136.107147,382.892853
9.834000,132.500000,382.500000
9.867000,130.892853,382.107147
9.900000,131.000000,382.500000
9.933000,132.134979,383.093170
9.966000,135.943665,384.704224
9.999000,141.500000,386.500000
10.032000,149.500000,388.500000
10.065000,159.500000,390.500000
10.098000,170.500000,393.500000
10.131000,183.289474,396.500000
10.164000,189.500000,396.500000
10.197000,204.107147,398.892853
10.230000,220.107147,400.892853
10.263000,235.964279,401.035706
10.296000,252.500000,401.500000
10.329000,269.421173,400.987671
10.362000,285.500000,399.954559
10.395000,302.500000,397.852936
10.428000,318.633331,395.500000
10.461000,333.500000,392.500000
10.494000,340.500000,390.500000
10.527000,361.035706,385.964294
10.560000,372.500000,382.136353
10.593000,382.500000,378.500000
10.626000,391.964294,375.035706
10.659000,398.500000,371.500000
10.692000,404.247528,369.207916
10.725000,408.235291,367.000000
10.758000,410.500000,366.000000
10.791000,410.726746,365.302338
10.824000,410.500000,364.500000
10.857000,408.205872,365.500000
10.890000,404.500000,366.500000
10.923000,398.500000,368.500000
10.956000,390.500000,372.500000
10.989000,382.500000,374.500000
11.022000,372.500000,378.500000
11.055000,366.500000,378.500000
11.088000,348.055542,384.055542
11.121000,334.500000,386.863647
11.154000,319.857147,389.857147
11.187000,304.500000,392.500000
11.220000,288.500000,393.653839
11.253000,274.074615,395.388062
11.286000,257.500000,396.500000
11.319000,240.500000,396.500000
11.352000,225.500000,395.500000
11.385000,210.500000,394.500000
11.418000,196.500000,394.500000
11.451000,183.035721,391.964294
11.484000,171.500000,390.500000
11.517000,161.078949,389.078949
11.550000,152.500000,387.500000
11.583000,145.500000,386.500000
11.616000,139.500000,384.500000
11.649000,136.500000,384.500000
11.682000,134.500000,384.500000
11.715000,134.500000,384.500000
11.748000,135.500000,384.807678
11.781000,139.157364,386.412354
11.814000,145.500000,388.500000
11.847000,152.892853,390.107147
11.880000,161.943665,392.704224
11.913000,172.600006,394.600006
11.946000,184.892853,396.107147
11.979000,198.107147,398.892853
12.012000,205.500000,399.500000
12.045000,220.500000,400.500000
12.078000,236.500000,401.500000
12.111000,252.500000,401.500000
12.144000,268.500000,400.500000
12.177000,283.500000,399.500000
12.210000,300.892853,398.107147
12.243000,316.500000,395.500000
12.276000,330.500000,392.500000
12.309000,345.200012,389.200012
12.342000,357.500000,385.323517
12.375000,368.500000,382.500000
12.408000,378.500000,378.500000
12.441000,387.029846,375.455231
12.474000,394.500000,372.500000
12.507000,399.500000,369.700012
12.540000,404.028503,368.354919
12.573000,404.807678,367.500000
12.606000,406.346161,366.346161
12.639000,406.500000,366.000000
12.672000,404.500000,366.192322
12.705000,400.500000,367.590912
12.738000,395.500000,369.500000
12.771000,388.500000,372.136353
12.804000,380.500000,374.500000
12.837000,370.500000,378.500000
12.870000,359.807678,381.192322
12.903000,348.500000,384.500000
12.936000,335.030853,387.487640
12.969000,320.578827,390.243835
13.002000,306.500000,392.500000
13.035000,290.500000,394.500000
13.068000,274.731537,395.613312
13.101000,260.307098,397.053314
13.134000,244.500000,396.500000
13.167000,229.053650,397.294006
13.200000,214.892853,396.107147
13.233000,200.500000,395.500000
13.266000,188.500000,394.500000
13.299000,181.964279,393.035706
13.332000,170.708527,391.822266
13.365000,161.056335,390.295776
13.398000,153.233337,388.500000
13.431000,146.892853,388.107147
13.464000,142.236847,387.500000
13.497000,140.500000,386.500000
13.530000,138.500000,386.500000
13.563000,138.500000,386.500000
13.596000,139.500000,386.500000
13.629000,145.500000,388.500000
13.662000,151.500000,390.500000
13.695000,159.500000,392.500000
13.728000,169.117508,394.366364
13.761000,180.500000,396.500000
13.794000,199.117508,398.366364
13.827000,206.500000,399.500000
13.860000,220.500000,400.500000
13.893000,234.500000,400.500000
13.926000,250.500000,400.500000
13.959000,266.500000,400.500000
13.992000,273.794128,399.794128
14.025000,297.500000,397.500000
14.058000,312.731537,395.613312
14.091000,326.500000,392.500000
14.124000,340.500000,389.500000
14.157000,352.578827,386.243835
14.190000,364.500000,382.500000
14.223000,373.650696,379.390411
14.256000,378.500000,378.136353
14.289000,389.200012,373.200012
14.322000,396.500000,369.730774
14.355000,399.500000,368.205872
14.388000,401.313965,366.848846
14.421000,401.629028,366.983856
14.454000,401.615143,367.009094
14.487000,399.979248,367.426270
14.520000,396.735657,368.939484
14.553000,391.863647,370.500000
14.586000,385.112152,372.682251
14.619000,377.500000,375.500000
14.652000,368.500000,378.500000
14.685000,357.970581,381.500000
14.718000,346.264343,384.939484
14.751000,340.500000,386.500000
14.784000,327.357147,389.357147
14.817000,313.192322,391.807678
14.850000,298.500000,394.500000
14.883000,283.035706,395.964294
14.916000,268.925385,397.611938
14.949000,253.578812,398.012329
14.982000,238.500000,398.500000
15.015000,224.500000,398.500000
15.048000,217.029419,397.500000
15.081000,203.500000,396.366669
15.114000,185.078949,395.078949
15.147000,174.500000,393.233337
15.180000,165.500000,392.500000
15.213000,157.157364,390.412354
15.246000,151.178574,389.821442
15.279000,146.399994,388.399994
15.312000,143.366669,387.633331
15.345000,142.892853,388.107147
15.378000,143.500000,388.500000
15.411000,144.600006,388.600006
15.444000,149.500000,389.500000
15.477000,156.011734,391.861511
15.510000,159.500000,392.500000
15.543000,172.500000,394.500000
15.576000,183.500000,396.500000
15.609000,195.791840,398.405579
15.642000,208.500000,399.500000
15.675000,214.840576,399.739136
15.708000,236.500000,400.500000
15.741000,251.260864,400.159424
15.774000,266.500000,399.500000
15.807000,280.566681,398.566681
15.840000,296.500000,396.500000
15.873000,310.500000,394.500000
15.906000,318.500000,393.500000
15.939000,337.964294,389.035706
15.972000,349.500000,385.500000
16.005000,360.500000,382.500000
16.038000,370.033325,380.033325
16.071000,378.500000,376.500000
16.104000,384.928558,373.500000
16.137000,390.500000,372.136353
16.170000,394.500000,370.136353
16.203000,396.208344,368.791656
16.236000,397.136353,368.500000
16.269000,397.233948,368.417419
16.302000,396.766663,368.500000
16.335000,394.192322,369.500000
16.368000,389.500000,371.500000
16.401000,384.500000,372.863647
16.434000,377.500000,375.500000
16.467000,369.238098,379.142853
16.500000,359.500000,381.500000
16.533000,348.500000,384.500000
16.566000,336.966675,387.500000
16.599000,317.323517,391.500000
16.632000,303.386688,394.268463
16.665000,288.500000,395.653839
16.698000,273.974884,397.280823
16.731000,260.687500,398.500000
16.764000,244.500000,398.500000
16.797000,230.500000,398.500000
16.830000,217.053650,397.705994
16.863000,204.500000,397.500000
16.896000,192.500000,396.500000
16.929000,181.233337,394.500000
16.962000,171.622452,393.234680
16.995000,163.056335,392.295776
17.028000,156.500000,390.500000
17.061000,153.500000,390.500000
17.094000,147.821426,389.178558
17.127000,147.500000,389.500000
17.160000,147.500000,389.500000
17.193000,147.853714,389.246735
17.226000,151.500000,390.500000
17.259000,157.451614,392.397858
17.292000,164.366364,393.117523
17.325000,172.500000,394.500000
17.358000,182.892853,396.107147
17.391000,193.964279,397.035706
17.424000,205.882492,398.633636
17.457000,218.500000,399.147064
17.490000,232.500000,399.500000
17.523000,247.035721,399.964294
17.556000,261.500000,399.500000
17.589000,276.107147,398.892853
17.622000,290.500000,396.500000
17.655000,304.500000,394.500000
17.688000,318.107147,392.892853
17.721000,331.500000,389.970581
17.754000,336.500000,388.500000
17.787000,348.500000,385.038452
17.820000,358.756165,382.421173
17.853000,368.500000,380.136353
17.886000,375.986176,376.837006
17.919000,382.500000,374.500000
17.952000,387.176483,371.941162
17.985000,391.813843,370.882965
18.018000,393.500000,369.500000
18.051000,393.500000,369.500000
18.084000,393.500000,369.500000
18.117000,392.939484,370.264343
18.150000,390.500000,370.500000
18.183000,386.500000,372.500000
18.216000,380.500000,374.500000
18.249000,376.966675,376.033325
18.282000,368.863647,378.500000
18.315000,355.000000,382.764709
18.348000,344.033325,386.033325
18.381000,338.966675,387.500000
18.414000,319.654938,391.612671
18.447000,306.650757,393.630646
18.480000,293.369354,396.349243
18.513000,271.630646,398.349243
18.546000,257.822266,398.708527
18.579000,242.500000,398.500000
18.612000,229.739136,398.840576
18.645000,216.500000,398.500000
18.678000,203.921051,397.921051
18.711000,192.500000,396.500000
18.744000,186.708527,395.822266
18.777000,177.233337,394.500000
18.810000,168.500000,393.500000
18.843000,162.500000,392.500000
18.876000,156.589035,390.616425
18.909000,153.233337,390.500000
18.942000,151.439163,389.728149
18.975000,151.366669,389.633331
19.008000,151.500000,389.500000
19.041000,154.500000,390.500000
19.074000,162.500000,392.500000
19.107000,169.451614,394.397858
19.140000,178.107147,394.892853
19.173000,188.107147,396.892853
19.206000,198.500000,397.500000
19.239000,210.500000,398.500000
19.272000,217.208160,398.594421
19.305000,230.500000,399.500000
19.338000,243.964279,399.035706
19.371000,258.500000,398.500000
19.404000,272.500000,398.500000
19.437000,286.500000,396.500000
19.470000,300.500000,395.500000
19.503000,313.964294,393.035706
19.536000,326.500000,390.500000
19.569000,338.500000,388.136353
19.602000,348.500000,384.500000
19.635000,358.735291,382.264709
19.668000,367.676483,379.500000
19.701000,374.756165,376.421173
19.734000,380.756165,374.421173
19.767000,386.019989,372.980011
19.800000,388.731964,370.938141
19.833000,390.735291,370.735291
19.866000,390.756165,370.578827
19.899000,390.500000,370.500000
19.932000,388.769836,372.087311
19.965000,384.500000,372.863647
19.998000,379.421173,374.987671
20.031000,376.136353,376.500000
20.064000,368.951233,379.097565
20.097000,355.974884,383.280823
20.130000,345.500000,385.500000
20.163000,334.500000,388.500000
20.196000,322.500000,392.136353
20.229000,309.500000,393.970581
20.262000,296.500000,396.500000
20.295000,281.500000,396.500000
20.328000,268.500000,398.500000
20.361000,254.500000,399.500000
20.394000,240.500000,398.500000
20.427000,227.223404,399.372345
20.460000,214.500000,398.500000
20.493000,202.500000,397.500000
20.526000,191.822281,396.708527
20.559000,182.500000,395.500000
20.592000,173.500000,394.500000
20.625000,166.500000,393.233337
20.658000,161.366669,391.633331
20.691000,156.589035,390.616425
20.724000,154.561615,390.580566
20.757000,154.399994,390.399994
20.790000,154.500000,390.500000
20.823000,156.500000,391.500000
20.856000,160.892853,392.107147
20.889000,166.412354,393.157379
20.922000,173.766663,394.500000
20.955000,182.500000,395.500000
20.988000,192.500000,396.500000
21.021000,203.791840,398.405579
21.054000,209.056335,398.295776
21.087000,222.107147,398.892853
21.120000,235.035721,399.964294
21.153000,248.500000,399.500000
21.186000,255.111115,398.444458
21.219000,269.500000,398.633331
21.252000,282.500000,397.500000
21.285000,295.964294,395.035706
21.318000,302.500000,394.500000
21.351000,322.421173,390.756165
21.384000,334.136353,388.500000
21.417000,344.578827,386.243835
21.450000,354.688354,383.087433
21.483000,362.863647,380.500000
21.516000,371.500000,377.500000
21.549000,377.125000,375.875000
21.582000,382.033325,374.033325
21.615000,384.029419,373.000000
21.648000,387.500000,371.500000
21.681000,388.247528,371.207916
21.714000,387.778473,371.588593
21.747000,384.500000,372.500000
21.780000,380.500000,374.500000
21.813000,375.590912,376.500000
21.846000,368.966675,378.966675
21.879000,361.020752,381.573730
21.912000,352.500000,384.500000
21.945000,341.573730,387.020752
21.978000,330.500000,390.136353
22.011000,318.500000,392.500000
22.044000,306.500000,394.500000
22.077000,299.500000,395.029419
22.110000,278.731537,397.613312
22.143000,266.349243,399.369354
22.176000,251.964279,399.035706
22.209000,245.311600,399.471008
22.242000,232.366669,399.500000
22.275000,219.613297,398.731537
22.308000,207.500000,398.227264
22.341000,196.500000,397.233337
22.374000,186.708527,395.822266
22.407000,177.500000,394.500000
22.440000,170.892853,394.107147
22.473000,165.452789,392.753204
22.506000,162.500000,392.500000
22.539000,159.120697,391.879303
22.572000,157.500000,391.500000
22.605000,157.500000,391.500000
22.638000,158.938812,391.073853
22.671000,162.500000,392.500000
22.704000,167.633331,393.366669
22.737000,174.500000,394.500000
22.770000,182.500000,395.500000
22.803000,192.107147,396.892853
22.836000,202.500000,397.500000
22.869000,214.107147,398.892853
22.902000,226.500000,399.500000
22.935000,238.500000,398.500000
22.968000,252.500000,399.500000
23.001000,266.500000,398.500000
23.034000,278.911774,397.500000
23.067000,292.500000,396.500000
23.100000,298.500000,394.500000
23.133000,311.964294,393.035706
23.166000,323.500000,390.500000
23.199000,334.756165,388.421173
23.232000,345.471008,385.311584
23.265000,354.500000,382.500000
23.298000,363.500000,380.500000
23.331000,369.799988,377.799988
23.364000,375.799988,375.799988
23.397000,380.243835,374.421173
23.430000,383.238098,373.142853
23.463000,384.756165,372.578827
23.496000,385.500000,372.500000
23.529000,384.756165,372.578827
23.562000,383.067566,373.472961
23.595000,380.349243,375.369354
23.628000,374.756165,376.421173
23.661000,368.500000,378.500000
23.694000,361.500000,381.500000
23.727000,352.837006,383.986176
23.760000,342.500000,386.500000
23.793000,331.974884,389.280823
23.826000,326.500000,390.500000
23.859000,308.500000,394.500000
23.892000,295.500000,395.500000
23.925000,282.366669,397.500000
23.958000,270.500000,398.500000
23.991000,256.349243,399.369354
24.024000,242.987686,399.421173
24.057000,236.500000,399.500000
24.090000,218.264709,398.735291
24.123000,206.892853,398.107147
24.156000,196.500000,397.500000
24.189000,182.555557,395.888885
24.222000,175.208160,394.594421
24.255000,168.988266,393.138489
24.288000,164.500000,392.500000
24.321000,161.500000,391.807678
24.354000,160.361710,392.319153
24.387000,160.361710,392.319153
24.420000,160.361710,392.319153
24.453000,162.500000,392.500000
24.486000,166.295776,393.056335
24.519000,171.500000,394.500000
24.552000,178.107147,394.892853
24.585000,186.892853,396.107147
24.618000,196.500000,397.500000
24.651000,206.500000,397.500000
24.684000,218.500000,399.500000
24.717000,230.500000,399.500000
24.750000,243.357147,399.357147
24.783000,255.964279,399.035706
24.816000,262.500000,398.500000
24.849000,281.500000,396.500000
24.882000,295.500000,395.500000
24.915000,307.946350,393.294006
24.948000,320.500000,391.500000
24.981000,330.500000,388.500000
25.014000,342.500000,386.500000
25.047000,346.500000,384.500000
25.080000,354.863647,382.500000
25.113000,362.756165,380.421173
25.146000,370.055542,378.055542
25.179000,375.133331,376.000000
25.212000,379.500000,374.571442
25.245000,380.966675,374.033325
25.278000,383.500000,373.299988
25.311000,383.761902,373.142853
25.344000,383.097412,373.461029
25.377000,380.932831,374.291046
25.410000,377.323517,375.500000
25.443000,371.500000,377.500000
25.476000,365.029419,379.500000
25.509000,361.558136,380.720917
25.542000,353.500000,383.500000
25.575000,339.029419,387.500000
25.608000,328.500000,390.500000
25.641000,316.500000,392.500000
25.674000,304.500000,394.500000
25.707000,292.500000,396.500000
25.740000,279.009430,397.933960
25.773000,266.555542,398.680542
25.806000,253.029419,399.500000
25.839000,240.366669,399.500000
25.872000,228.500000,399.500000
25.905000,216.500000,398.500000
25.938000,210.500000,398.500000
25.971000,195.078949,397.078949
26.004000,186.892853,396.107147
26.037000,178.500000,394.500000
26.070000,175.500000,394.807678
26.103000,170.042175,393.644592
26.136000,165.548386,392.602142
26.169000,163.233337,392.500000
26.202000,162.361710,392.319153
26.235000,162.361710,392.319153
26.268000,162.500000,392.500000
26.301000,166.500000,393.233337
26.334000,171.766663,394.500000
26.367000,178.107147,394.892853
26.400000,186.107147,396.892853
26.433000,195.147064,396.500000
26.466000,205.260864,398.159424
26.499000,216.107147,398.892853
26.532000,228.500000,399.500000
26.565000,240.500000,398.500000
26.598000,253.514923,399.037323
26.631000,266.500000,398.500000
26.664000,278.500000,397.233337
26.697000,291.386688,396.268463
26.730000,304.500000,394.500000
26.763000,316.500000,392.500000
26.796000,327.578827,390.012329
26.829000,338.500000,388.500000
26.862000,342.735291,386.264709
26.895000,356.136353,382.500000
26.928000,364.500000,380.500000
26.961000,367.500000,379.500000
26.994000,374.756165,376.421173
27.027000,378.399994,375.000000
27.060000,380.679108,374.380585
27.093000,381.500000,373.700012
27.126000,381.500000,373.700012
27.159000,380.932831,374.291046
27.192000,377.988159,375.438385
27.225000,374.243835,376.578827
27.258000,368.500000,378.500000
27.291000,362.500000,380.500000
27.324000,353.974884,383.280823
27.357000,345.500000,385.500000
27.390000,335.013824,388.162994
27.423000,324.735291,390.735291
27.456000,313.421173,392.987671
27.489000,301.421173,394.987671
27.522000,288.500000,396.500000
27.555000,276.500000,398.500000
27.588000,263.630646,398.650757
27.621000,251.035721,399.964294
27.654000,245.035721,399.964294
27.687000,226.985870,399.906769
27.720000,214.892853,398.107147
27.753000,204.500000,397.653839
27.786000,195.030869,397.487640
27.819000,186.500000,396.500000
27.852000,178.500000,395.233337
27.885000,173.157364,394.412354
27.918000,169.366669,393.633331
27.951000,166.412354,393.157379
27.984000,164.589035,392.616425
28.017000,164.589035,392.616425
28.050000,165.821426,393.178558
28.083000,166.500000,393.500000
28.116000,170.433334,394.433319
28.149000,175.073837,394.938812
28.182000,181.612106,396.127808
28.215000,186.107147,396.892853
28.248000,199.056335,398.295776
28.281000,209.056335,398.295776
28.314000,226.500000,399.500000
28.347000,231.964279,399.035706
28.380000,250.500000,399.500000
28.413000,262.633331,399.500000
28.446000,275.500000,398.500000
28.479000,288.000000,397.500000
28.512000,300.500000,395.500000
28.545000,312.107147,392.892853
28.578000,324.136353,390.500000
28.611000,334.500000,388.500000
28.644000,339.357147,387.357147
28.677000,348.346161,384.653839
28.710000,356.136353,382.500000
28.743000,363.578827,380.012329
28.776000,369.013824,378.162994
28.809000,371.500000,377.500000
28.842000,377.500000,375.323517
28.875000,378.775146,374.584656
28.908000,379.590912,374.500000
28.941000,379.611115,374.500000
28.974000,378.378387,375.108093
29.007000,375.500000,375.500000
29.040000,371.500000,377.500000
29.073000,365.500000,379.500000
29.106000,358.752472,381.207916
29.139000,350.500000,384.500000
29.172000,342.264709,386.264709
29.205000,332.500000,388.500000
29.238000,321.500000,391.029419
29.271000,315.807678,391.807678
29.304000,298.349243,395.369354
29.337000,285.500000,396.500000
29.370000,273.500000,397.970581
29.403000,260.611115,398.388885
29.436000,248.366669,399.500000
29.469000,236.366669,399.500000
29.502000,224.692139,399.124451
29.535000,214.500000,398.500000
29.568000,203.388062,398.074615
29.601000,198.594421,397.208160
29.634000,190.500000,396.500000
29.667000,183.035721,395.964294
29.700000,177.500000,395.500000
29.733000,172.500000,394.500000
29.766000,167.853714,393.246735
29.799000,167.366669,393.633331
29.832000,167.366669,393.633331
29.865000,167.973679,393.500000
29.898000,171.157364,394.412354
29.931000,176.291473,395.177734
29.964000,182.107147,396.892853
29.997000,189.943665,396.704224
30.030000,198.587646,397.842621
30.063000,208.107147,398.892853
30.096000,218.500000,399.500000
30.129000,230.012314,399.578827
30.162000,241.969131,399.512360
30.195000,254.500000,399.500000
30.228000,266.500000,399.500000
30.261000,278.500000,397.500000
30.294000,283.747345,397.397522
30.327000,297.035706,395.964294
30.360000,308.500000,393.500000
30.393000,319.500000,391.970581
30.426000,330.012329,389.578827
30.459000,339.421173,386.987671
30.492000,344.500000,386.500000
30.525000,356.500000,382.500000
30.558000,362.500000,380.500000
30.591000,368.072784,378.631470
30.624000,372.348328,376.786530
30.657000,374.072784,376.368530
30.690000,376.500000,375.269226
30.723000,377.500000,375.029419
30.756000,377.269226,375.269226
30.789000,375.500000,375.500000
30.822000,371.500000,376.966675
30.855000,367.500000,378.500000
30.888000,362.500000,380.500000
30.921000,358.500000,380.500000
30.954000,351.200012,383.799988
30.987000,338.500000,386.500000
31.020000,328.500000,388.863647
31.053000,317.500000,391.500000
31.086000,305.964294,393.035706
31.119000,294.633331,395.500000
31.152000,282.107147,396.892853
31.185000,276.500000,397.500000
31.218000,264.892853,398.107147
31.251000,251.908371,398.971191
31.284000,240.366669,399.500000
31.317000,235.078949,399.078949
31.350000,218.500000,398.500000
31.383000,207.500000,398.227264
31.416000,198.500000,397.500000
31.449000,190.500000,396.500000
31.482000,183.500000,396.366669
31.515000,177.853714,395.246735
31.548000,173.500000,393.807678
31.581000,171.233337,394.500000
31.614000,169.439163,393.728149
31.647000,169.366669,393.633331
31.680000,170.399994,394.399994
31.713000,170.892853,394.107147
31.746000,177.266235,396.006500
31.779000,182.500000,396.500000
31.812000,189.500000,397.045441
31.845000,197.500000,397.500000
31.878000,206.500000,398.500000
31.911000,216.985870,399.906769
31.944000,228.500000,400.500000
31.977000,240.500000,400.500000
32.010000,251.500000,399.970581
32.043000,263.500000,399.323517
32.076000,276.107147,398.892853
32.109000,286.839050,397.294006
32.142000,299.260864,396.159424
32.175000,311.035706,393.964294
32.208000,322.012329,391.578827
32.241000,331.964294,389.035706
32.274000,336.500000,388.500000
32.307000,348.500000,384.500000
32.340000,356.573730,382.260376
32.373000,362.573730,380.260376
32.406000,365.500000,379.500000
32.439000,371.500000,377.500000
32.472000,374.028503,376.354919
32.505000,375.500000,375.500000
32.538000,375.500000,375.500000
32.571000,375.125000,375.875000
32.604000,374.500000,376.500000
32.637000,371.238098,377.142853
32.670000,364.500000,378.863647
32.703000,358.500000,380.500000
32.736000,355.500000,381.500000
32.769000,347.528992,383.688416
32.802000,338.756165,386.421173
32.835000,330.136353,388.500000
32.868000,324.500000,390.136353
32.901000,308.500000,392.500000
32.934000,296.500000,394.500000
32.967000,284.692139,395.875549
33.000000,279.369354,396.650757
33.033000,262.500000,398.500000
33.066000,250.349243,399.369354
33.099000,238.500000,398.500000
33.132000,227.078949,399.078949
33.165000,216.500000,398.500000
33.198000,206.892853,398.107147
33.231000,202.500000,397.500000
33.264000,190.107147,396.892853
33.297000,183.386703,396.268463
33.330000,180.708527,395.822266
33.363000,174.500000,394.500000
33.396000,172.399994,394.399994
33.429000,171.233337,394.500000
33.462000,171.500000,394.807678
33.495000,171.500000,394.500000
33.528000,174.988266,395.138489
33.561000,179.882492,396.633636
33.594000,185.943665,396.704224
33.627000,192.500000,397.500000
33.660000,201.128571,398.471436
33.693000,210.500000,399.500000
33.726000,220.500000,399.500000
33.759000,237.739136,400.840576
33.792000,248.892853,400.107147
33.825000,261.035706,399.964294
33.858000,273.500000,399.236847
33.891000,279.346161,398.500000
33.924000,290.633331,397.500000
33.957000,301.964294,395.035706
33.990000,318.500000,392.500000
34.023000,323.964294,391.035706
34.056000,333.807678,389.192322
34.089000,342.500000,386.500000
34.122000,350.500000,384.500000
34.155000,357.369354,382.349243
34.188000,362.500000,380.500000
34.221000,367.013824,378.837006
34.254000,370.500000,378.000000
34.287000,372.732544,376.546509
34.320000,373.238098,375.857147
34.353000,373.500000,376.205872
34.386000,372.578827,376.243835
34.419000,370.283783,376.824310
34.452000,366.500000,378.500000
34.485000,361.500000,379.500000
34.518000,355.500000,381.500000
34.551000,347.970581,383.500000
34.584000,339.500000,385.500000
34.617000,330.500000,388.500000
34.650000,320.756165,390.421173
34.683000,310.500000,392.500000
34.716000,299.500000,393.970581
34.749000,287.500000,395.500000
34.782000,275.908386,396.971191
34.815000,264.500000,397.500000
34.848000,252.892853,398.107147
34.881000,241.739136,398.840576
34.914000,229.822281,398.708527
34.947000,219.822281,398.708527
34.980000,210.500000,398.500000
35.013000,201.078949,397.921051
35.046000,193.208160,396.594421
35.079000,186.892853,396.107147
35.112000,180.708527,395.822266
35.145000,176.938812,395.073853
35.178000,174.500000,394.500000
35.211000,172.500000,394.500000
35.244000,172.500000,394.500000
35.277000,173.987366,395.370026
35.310000,176.361710,396.319153
35.343000,180.107147,396.892853
35.376000,186.500000,397.500000
35.409000,188.708527,397.822266
35.442000,192.892853,398.107147
35.475000,204.500000,399.233337
35.508000,214.500000,400.500000
35.541000,224.500000,400.500000
35.574000,235.500000,400.633331
35.607000,246.500000,400.500000
35.640000,259.035706,399.964294
35.673000,270.594421,399.208160
35.706000,280.981323,398.415894
35.739000,287.130432,397.913055
35.772000,304.500000,394.500000
35.805000,314.500000,392.500000
35.838000,324.500000,390.500000
35.871000,330.500000,390.500000
35.904000,342.756165,386.421173
35.937000,350.578827,384.243835
35.970000,356.966675,382.033325
36.003000,362.500000,380.500000
36.036000,366.500000,378.500000
36.069000,369.500000,377.500000
36.102000,371.118805,376.514862
36.135000,371.500000,376.323517
36.168000,371.500000,376.323517
36.201000,371.308990,376.421356
36.234000,369.200012,377.200012
36.267000,366.500000,378.500000
36.300000,360.764709,379.000000
36.333000,355.500000,381.500000
36.366000,348.500000,382.863647
36.399000,340.682251,385.112152
36.432000,331.970581,387.500000
36.465000,322.500000,390.136353
36.498000,312.500000,392.500000
36.531000,301.323517,393.500000
36.564000,289.964294,395.035706
36.597000,278.107147,396.892853
36.630000,267.037323,397.514923
36.663000,256.500000,398.500000
36.696000,244.500000,398.863647
36.729000,233.487656,399.030853
36.762000,222.500000,398.500000
36.795000,213.500000,398.633331
36.828000,204.892853,398.107147
36.861000,196.500000,397.500000
36.894000,189.147064,396.500000
36.927000,184.107147,396.892853
36.960000,179.264709,395.500000
36.993000,177.500000,395.500000
37.026000,174.500000,394.500000
37.059000,174.500000,395.000000
37.092000,174.589035,394.616425
37.125000,176.892853,396.107147
37.158000,180.107147,396.892853
37.191000,186.361710,398.319153
37.224000,188.500000,397.500000
37.257000,200.500000,399.500000
37.290000,208.500000,399.500000
37.323000,218.107147,400.892853
37.356000,228.107147,400.892853
37.389000,238.500000,400.500000
37.422000,250.500000,400.500000
37.455000,261.500000,399.500000
37.488000,274.074615,399.388062
37.521000,284.500000,398.500000
37.554000,296.500000,396.500000
37.587000,306.500000,394.500000
37.620000,313.035706,393.964294
37.653000,327.578827,390.012329
37.686000,336.500000,388.500000
37.719000,344.500000,386.136353
37.752000,351.277771,383.722229
37.785000,357.277771,381.722229
37.818000,362.500000,380.500000
37.851000,365.500000,378.500000
37.884000,368.500000,378.000000
37.917000,369.416656,376.875000
37.950000,369.986176,376.837006
37.983000,369.500000,376.571442
38.016000,367.807678,377.192322
38.049000,364.966675,378.033325
38.082000,360.682251,379.112152
38.115000,355.435486,380.919342
38.148000,348.500000,382.500000
38.181000,341.000000,384.764709
38.214000,333.078949,387.078949
38.247000,324.033325,388.966675
38.280000,314.500000,390.500000
38.313000,308.966675,392.033325
38.346000,298.033325,394.033325
38.379000,287.035706,395.964294
38.412000,275.768036,396.809265
38.445000,264.500000,397.500000
38.478000,253.500000,398.633331
38.511000,242.500000,398.500000
38.544000,231.906784,398.985870
38.577000,221.739136,398.840576
38.610000,212.500000,398.500000
38.643000,203.117508,398.366364
38.676000,196.405579,397.791840
38.709000,189.500000,396.500000
38.742000,184.107147,396.892853
38.775000,181.943665,396.704224
38.808000,177.500000,396.500000
38.841000,176.361710,396.319153
38.874000,176.361710,396.319153
38.907000,176.500000,396.500000
38.940000,179.500000,396.807678
38.973000,183.500000,397.500000
39.006000,186.438385,398.419434
39.039000,196.291473,399.177734
39.072000,203.612106,400.127808
39.105000,212.107147,400.892853
39.138000,221.964279,401.035706
39.171000,226.500000,400.500000
39.204000,242.500000,400.500000
39.237000,253.500000,400.500000
39.270000,265.500000,399.500000
39.303000,276.192322,399.500000
39.336000,287.456909,397.887939
39.369000,299.369354,396.349243
39.402000,309.766663,394.500000
39.435000,319.791840,392.405579
39.468000,329.369354,390.349243
39.501000,337.919220,387.927948
39.534000,345.471008,385.311584
39.567000,351.650696,383.390411
39.600000,357.676483,381.500000
39.633000,362.500000,380.500000
39.666000,365.383575,378.547943
39.699000,367.500000,377.500000
39.732000,368.023804,377.650787
39.765000,368.500000,376.863647
39.798000,368.500000,376.863647
39.831000,367.200012,377.200012
39.864000,364.500000,378.500000
39.897000,360.651672,378.786530
39.930000,356.243835,380.578827
39.963000,349.590912,382.500000
39.996000,342.500000,384.500000
40.029000,334.500000,386.500000
40.062000,325.986176,388.837006
40.095000,316.264709,390.735291
40.128000,306.500000,392.500000
40.161000,294.863647,394.500000
40.194000,284.500000,396.500000
40.227000,273.500000,397.500000
40.260000,257.124451,398.307861
40.293000,246.349243,399.369354
40.326000,240.500000,398.863647
40.359000,229.964279,399.035706
40.392000,219.964279,399.035706
40.425000,210.500000,398.500000
40.458000,202.892853,398.107147
40.491000,195.500000,397.500000
40.524000,189.500000,397.045441
40.557000,184.500000,397.233337
40.590000,181.233337,396.500000
40.623000,178.500000,396.500000
40.656000,177.500000,395.500000
40.689000,177.500000,395.500000
40.722000,179.233337,396.500000
40.755000,181.500000,396.500000
40.788000,186.792084,398.019806
40.821000,192.107147,398.892853
40.854000,198.500000,399.500000
40.887000,206.500000,400.500000
40.920000,220.107147,400.892853
40.953000,224.107147,400.892853
40.986000,234.500000,400.500000
41.019000,246.291473,401.177734
41.052000,257.500000,400.500000
41.085000,267.964294,399.035706
41.118000,279.346161,398.500000
41.151000,290.500000,397.500000
41.184000,300.500000,395.500000
41.217000,311.500000,393.323517
41.250000,321.067566,391.472961
41.283000,329.970581,389.500000
41.316000,334.500000,388.500000
41.349000,342.500000,386.500000
41.382000,348.966675,384.033325
41.415000,354.735291,382.264709
41.448000,359.500000,380.033325
41.481000,363.238098,379.142853
41.514000,365.500000,378.192322
41.547000,366.807678,377.500000
41.580000,366.838043,377.035217
41.613000,366.662781,377.104645
41.646000,365.500000,377.500000
41.679000,362.500000,378.500000
41.712000,358.735291,379.500000
41.745000,353.500000,381.500000
41.778000,346.837006,383.013824
41.811000,339.528168,385.316895
41.844000,331.500000,387.500000
41.877000,323.323517,389.500000
41.910000,313.500000,391.500000
41.943000,298.500000,394.500000
41.976000,287.035706,395.964294
42.009000,275.908386,396.971191
42.042000,266.243835,398.578827
42.075000,255.208160,398.594421
42.108000,243.964279,399.035706
42.141000,233.500000,399.500000
42.174000,224.366669,399.500000
42.207000,215.035721,399.964294
42.240000,205.822281,398.708527
42.273000,198.892853,398.107147
42.306000,192.892853,398.107147
42.339000,187.622452,397.234680
42.372000,183.387894,396.872192
42.405000,181.500000,396.500000
42.438000,179.500000,396.500000
42.471000,179.233337,396.500000
42.504000,179.233337,396.500000
42.537000,180.500000,397.233337
42.570000,183.500000,397.500000
42.603000,188.500000,398.500000
42.636000,194.107147,398.892853
42.669000,201.612106,400.127808
42.702000,209.056335,400.295776
42.735000,218.107147,400.892853
42.768000,227.500000,400.500000
42.801000,237.964279,401.035706
42.834000,248.500000,400.500000
42.867000,259.578827,400.012329
42.900000,271.205872,399.205872
42.933000,280.552643,398.500000
42.966000,292.500000,396.500000
42.999000,302.500000,394.500000
43.032000,312.500000,392.500000
43.065000,322.500000,390.500000
43.098000,330.500000,388.500000
43.131000,338.500000,386.500000
43.164000,345.781250,384.125000
43.197000,351.961548,382.500000
43.230000,356.500000,380.500000
43.263000,360.500000,379.500000
43.296000,363.409088,378.500000
43.329000,365.500000,377.500000
43.362000,365.871429,377.557129
43.395000,365.500000,377.500000
43.428000,364.789856,377.852661
43.461000,362.260376,378.573730
43.494000,358.769836,380.087311
43.527000,353.500000,381.500000
43.560000,348.033325,382.966675
43.593000,344.735291,384.264709
43.626000,337.500000,385.500000
43.659000,328.756165,388.421173
43.692000,320.264709,390.264709
43.725000,310.500000,392.500000
43.758000,300.500000,394.500000
43.791000,290.033325,396.033325
43.824000,278.594421,397.208160
43.857000,268.708527,397.822266
43.890000,259.000000,398.500000
43.923000,247.323532,399.500000
43.956000,241.970581,399.500000
43.989000,227.035721,399.964294
44.022000,213.029419,399.500000
44.055000,205.208160,398.594421
44.088000,198.500000,398.500000
44.121000,192.892853,398.107147
44.154000,187.678574,397.321442
44.187000,184.038467,396.961548
44.220000,181.500000,396.500000
44.253000,180.500000,396.500000
44.286000,180.500000,396.500000
44.319000,181.708496,397.048248
44.352000,184.633636,397.882477
44.385000,186.633636,397.882477
44.418000,191.056335,398.295776
44.451000,197.128571,398.471436
44.484000,204.500000,399.500000
44.517000,212.892853,400.107147
44.550000,221.500000,400.500000
44.583000,230.892853,400.107147
44.616000,240.892853,400.107147
44.649000,251.852936,400.500000
44.682000,261.990570,399.066040
44.715000,272.500000,398.500000
44.748000,282.500000,397.500000
44.781000,294.500000,395.500000
44.814000,299.964294,395.035706
44.847000,309.807678,393.192322
44.880000,319.200012,391.200012
44.913000,328.500000,389.500000
44.946000,332.500000,388.500000
44.979000,340.500000,386.500000
45.012000,349.421173,382.987671
45.045000,355.500000,381.500000
45.078000,358.735291,380.264709
45.111000,362.029419,379.000000
45.144000,364.072784,378.368530
45.177000,364.500000,378.000000
45.210000,364.500000,378.000000
45.243000,364.136353,378.500000
45.276000,361.581635,378.765320
45.309000,358.415344,380.224854
45.342000,353.500000,381.500000
45.375000,348.500000,382.863647
45.408000,342.033325,384.966675
45.441000,334.500000,386.500000
45.474000,326.500000,388.500000
45.507000,317.357147,391.357147
45.540000,307.500000,393.029419
45.573000,297.421173,394.987671
45.606000,286.388885,396.611115
45.639000,276.500000,398.500000
45.672000,266.500000,398.500000
45.705000,254.500000,398.500000
45.738000,244.892853,400.107147
45.771000,239.035721,399.964294
45.804000,229.260864,400.159424
45.837000,216.028305,399.330200
45.870000,207.884613,399.115387
45.903000,200.500000,399.500000
45.936000,194.500000,398.500000
45.969000,189.500000,397.500000
46.002000,184.500000,397.500000
46.035000,183.387894,396.872192
46.068000,182.412354,397.157379
46.101000,181.548386,396.602142
46.134000,182.589035,396.616425
46.167000,184.500000,397.500000
46.200000,186.892853,398.107147
46.233000,191.943665,398.704224
46.266000,197.500000,399.500000
46.299000,204.500000,399.500000
46.332000,211.852936,400.500000
46.365000,220.500000,400.500000
46.398000,229.888885,400.555542
46.431000,239.386703,400.268463
46.464000,250.500000,400.500000
46.497000,261.035706,399.964294
46.530000,265.964294,399.035706
46.563000,277.233337,399.233337
46.596000,292.500000,396.500000
46.629000,302.500000,394.500000
46.662000,312.500000,392.500000
46.695000,321.500000,390.500000
46.728000,329.500000,388.500000
46.761000,337.500000,386.500000
46.794000,343.912567,384.311646
46.827000,347.277771,383.722229
46.860000,355.500000,381.500000
46.893000,358.500000,380.136353
46.926000,361.500000,379.115387
46.959000,362.500000,378.500000
46.992000,363.153259,378.298981
47.025000,363.308990,378.421356
47.058000,362.500000,378.500000
47.091000,359.500000,379.500000
47.124000,358.500000,380.500000
47.157000,351.500000,382.033325
47.190000,344.939484,384.264343
47.223000,338.500000,386.500000
47.256000,330.735291,388.264709
47.289000,322.500000,390.500000
47.322000,313.578827,392.012329
47.355000,308.500000,392.500000
47.388000,293.500000,395.323517
47.421000,282.500000,397.233337
47.454000,273.500000,398.500000
47.487000,262.708527,399.177734
47.520000,246.500000,400.500000
47.553000,236.500000,400.500000
47.586000,226.500000,399.500000
47.619000,218.500000,400.500000
47.652000,210.159424,399.260864
47.685000,202.500000,399.233337
47.718000,199.208160,398.594421
47.751000,193.888885,398.555542
47.784000,191.500000,398.366669
47.817000,187.794113,397.500000
47.850000,184.500000,397.233337
47.883000,183.500000,397.045441
47.916000,183.387894,396.872192
47.949000,183.387894,396.872192
47.982000,185.500000,397.500000
48.015000,189.500000,398.500000
48.048000,194.107147,398.892853
48.081000,200.107147,398.892853
48.114000,207.316422,399.987915
48.147000,215.260864,400.159424
48.180000,224.107147,400.892853
48.213000,233.260864,400.159424
48.246000,243.035721,399.964294
48.279000,248.500000,400.500000
48.312000,263.964294,399.035706
48.345000,275.035706,397.964294
48.378000,284.107147,396.892853
48.411000,294.594421,395.208160
48.444000,305.962677,393.485077
48.477000,319.521271,391.031921
48.510000,324.500000,390.500000
48.543000,332.500000,388.500000
48.576000,338.735291,386.264709
48.609000,345.308990,384.421356
48.642000,350.739624,382.426270
48.675000,353.435486,381.919342
48.708000,358.500000,380.000000
48.741000,360.944458,378.944458
48.774000,362.500000,378.500000
48.807000,362.500000,378.863647
48.840000,362.235291,379.000000
48.873000,360.436615,379.176056
48.906000,357.554382,380.018829
48.939000,353.500000,381.500000
48.972000,348.500000,382.500000
49.005000,342.500000,384.500000
49.038000,339.020752,385.573730
49.071000,331.500000,387.500000
49.104000,318.500000,390.500000
49.137000,304.500000,393.500000
49.170000,294.500000,395.500000
49.203000,284.107147,396.892853
49.236000,274.500000,398.500000
49.269000,263.875549,398.692139
49.302000,253.794113,399.500000
49.335000,243.293991,399.946350
49.368000,238.500000,400.500000
49.401000,228.708527,399.822266
49.434000,220.500000,400.500000
49.467000,212.127808,399.612122
49.500000,205.233337,399.233337
49.533000,198.500000,398.500000
49.566000,193.157364,398.412354
49.599000,188.892853,398.107147
49.632000,186.500000,397.500000
49.665000,184.500000,397.233337
49.698000,184.500000,397.233337
49.731000,184.704224,397.943665
49.764000,186.633636,397.882477
49.797000,188.500000,398.500000
49.830000,195.233337,399.233337
49.863000,197.128571,398.471436
49.896000,207.321426,399.678558
49.929000,215.056335,400.295776
49.962000,223.852936,400.500000
49.995000,232.500000,400.500000
50.028000,242.500000,400.500000
50.061000,242.500000,400.500000
50.094000,263.739136,398.840576
50.127000,273.500000,398.500000
50.160000,282.500000,397.500000
50.193000,293.964294,395.035706
50.226000,298.107147,394.892853
50.259000,313.500000,392.500000
50.292000,322.500000,390.500000
50.325000,330.500000,388.500000
50.358000,338.107147,386.892853
50.391000,344.500000,384.500000
50.424000,349.207916,382.752472
50.457000,351.321228,381.762573
50.490000,351.500000,382.000000
50.523000,360.235291,379.000000
50.556000,361.500000,379.500000
50.589000,361.416656,378.875000
50.622000,361.238098,379.142853
50.655000,359.778687,379.467224
50.688000,357.100006,380.500000
50.721000,353.500000,381.500000
50.754000,350.939484,382.264343
50.787000,345.500000,383.500000
50.820000,339.029419,385.500000
50.853000,331.500000,387.500000
50.886000,323.500000,389.500000
50.919000,315.029419,391.500000
50.952000,305.500000,393.029419
50.985000,296.500000,394.500000
51.018000,285.653839,396.500000
51.051000,275.500000,397.970581
51.084000,264.892853,398.107147
51.117000,261.500000,398.500000
51.150000,249.969131,399.512360
51.183000,240.500000,400.500000
51.216000,230.500000,400.500000
51.249000,221.500000,400.366669
51.282000,213.611938,400.074615
51.315000,206.500000,399.500000
51.348000,200.107147,398.892853
51.381000,194.892853,398.107147
51.414000,190.892853,398.107147
51.447000,187.794113,397.500000
51.480000,186.500000,397.500000
51.513000,185.622452,397.234680
51.546000,185.821426,397.178558
51.579000,186.704224,397.943665
51.612000,188.892853,398.107147
51.645000,195.233337,399.233337
51.678000,200.107147,398.892853
51.711000,206.500000,399.500000
51.744000,210.500000,399.500000
51.777000,222.892853,400.107147
51.810000,232.107147,400.892853
51.843000,246.892853,400.107147
51.876000,256.500000,399.500000
51.909000,267.000000,398.700012
51.942000,276.892853,398.107147
51.975000,286.107147,396.892853
52.008000,297.500000,395.029419
52.041000,306.840576,393.739136
52.074000,316.500000,392.500000
52.107000,320.500000,390.500000
52.140000,324.500000,390.192322
52.173000,335.500000,386.500000
52.206000,342.317749,385.112152
52.239000,347.979248,383.573730
52.272000,352.578827,382.243835
52.305000,354.247528,381.207916
52.338000,358.500000,379.961548
52.371000,360.235291,379.000000
52.404000,360.500000,378.500000
52.437000,360.348328,378.786530
52.470000,359.439087,379.895935
52.503000,356.500000,380.500000
52.536000,355.200012,381.200012
52.569000,348.500000,382.500000
52.602000,342.500000,384.863647
52.635000,336.136353,386.500000
52.668000,328.500000,388.500000
52.701000,320.243835,390.578827
52.734000,311.294006,391.946350
52.767000,302.500000,394.500000
52.800000,292.366669,395.500000
52.833000,281.073853,396.938812
52.866000,272.500000,398.500000
52.899000,261.822266,398.708527
52.932000,257.500000,399.500000
52.965000,241.485077,399.962677
52.998000,232.500000,400.500000
53.031000,223.035721,399.964294
53.064000,215.035721,399.964294
53.097000,208.268478,399.386688
53.130000,201.500000,398.807678
53.163000,196.107147,398.892853
53.196000,194.399994,398.399994
53.229000,190.892853,398.107147
53.262000,188.042175,397.644592
53.295000,186.500000,397.500000
53.328000,186.500000,397.500000
53.361000,186.938812,397.073853
53.394000,189.117508,398.366364
53.427000,192.892853,398.107147
53.460000,198.061188,399.926147
53.493000,203.500000,399.500000
53.526000,206.500000,399.500000
53.559000,218.107147,400.892853
53.592000,226.892853,400.107147
53.625000,230.892853,400.107147
53.658000,240.500000,400.500000
53.691000,250.366669,399.500000
53.724000,265.964294,399.035706
53.757000,280.500000,398.500000
53.790000,290.500000,396.500000
53.823000,300.291473,395.177734
53.856000,310.291473,393.177734
53.889000,318.735291,390.735291
53.922000,327.500000,389.500000
53.955000,334.500000,388.500000
53.988000,337.500000,386.500000
54.021000,343.500000,384.500000
54.054000,349.269226,383.269226
54.087000,352.672241,381.940186
54.120000,356.060516,380.735657
54.153000,358.500000,380.136353
54.186000,359.500000,379.500000
54.219000,359.500000,379.500000
54.252000,359.000000,379.866669
54.285000,357.500000,380.033325
54.318000,354.578827,380.756165
54.351000,350.939484,382.264343
54.384000,345.500000,383.500000
54.417000,339.500000,385.500000
54.450000,332.500000,386.863647
54.483000,324.500000,388.500000
54.516000,316.500000,390.863647
54.549000,307.964294,393.035706
54.582000,298.500000,394.500000
54.615000,288.264709,396.264709
54.648000,278.500000,397.500000
54.681000,268.892853,398.107147
54.714000,259.147064,398.500000
54.747000,248.366669,399.500000
54.780000,238.500000,399.500000
54.813000,229.500000,399.500000
54.846000,221.035721,399.964294
54.879000,217.035721,399.964294
54.912000,209.964279,399.035706
54.945000,203.500000,399.045441
54.978000,198.500000,398.500000
55.011000,193.871429,398.528564
55.044000,190.892853,398.107147
55.077000,188.500000,397.500000
55.110000,188.361710,398.319153
55.143000,188.892853,398.107147
55.176000,190.107147,398.892853
55.209000,193.117508,398.366364
55.242000,197.500000,398.500000
55.275000,203.500000,399.500000
55.308000,210.500000,400.500000
55.341000,218.107147,400.892853
55.374000,226.107147,400.892853
55.407000,234.500000,400.500000
55.440000,244.500000,400.500000
55.473000,254.892853,400.107147
55.506000,263.964294,399.035706
55.539000,274.500000,398.500000
55.572000,283.824677,397.616882
55.605000,294.500000,396.500000
55.638000,299.421173,394.987671
55.671000,308.633331,393.500000
55.704000,317.500000,391.500000
55.737000,325.500000,389.970581
55.770000,332.500000,388.136353
55.803000,335.500000,386.500000
55.836000,344.756165,384.421173
55.869000,349.642853,383.357147
55.902000,353.500000,381.500000
55.935000,356.060516,380.735657
55.968000,357.962677,379.514923
56.001000,358.672241,379.940186
56.034000,358.500000,380.000000
56.067000,358.500000,380.000000
56.100000,356.756165,380.421173
56.133000,352.500000,381.500000
56.166000,348.243835,382.578827
56.199000,345.500000,383.500000
56.232000,339.500000,385.500000
56.265000,332.764709,387.000000
56.298000,325.500000,388.966675
56.331000,317.000000,390.764709
56.364000,308.500000,392.500000
56.397000,298.500000,394.500000
56.430000,289.500000,395.500000
56.463000,279.500000,397.500000
56.496000,270.500000,398.500000
56.529000,260.687500,398.500000
56.562000,250.500000,400.500000
56.595000,240.500000,399.500000
56.628000,231.639236,400.348114
56.661000,223.035721,399.964294
56.694000,215.029419,399.500000
56.727000,207.964279,399.035706
56.760000,202.107147,398.892853
56.793000,199.233337,398.500000
56.826000,195.157364,398.412354
56.859000,192.500000,398.500000
56.892000,190.427368,398.405029
56.925000,188.938812,397.073853
56.958000,188.938812,397.073853
56.991000,190.892853,398.107147
57.024000,191.943665,398.704224
57.057000,198.107147,398.892853
57.090000,204.361710,400.319153
57.123000,210.107147,400.892853
57.156000,213.888885,400.555542
57.189000,225.500000,400.500000
57.222000,238.500000,400.500000
57.255000,248.500000,400.500000
57.288000,258.500000,400.500000
57.321000,267.964294,399.035706
57.354000,277.766663,398.500000
57.387000,282.410950,398.383575
57.420000,292.500000,396.500000
57.453000,302.107147,394.892853
57.486000,310.500000,392.500000
57.519000,316.500000,392.500000
57.552000,327.970581,389.500000
57.585000,334.033325,387.500000
57.618000,340.578827,386.243835
57.651000,346.055542,384.055542
57.684000,348.821442,383.357147
57.717000,352.060516,382.264343
57.750000,355.500000,381.500000
57.783000,356.570190,380.149109
57.816000,357.500000,380.323517
57.849000,358.028503,380.354919
57.882000,356.756165,380.421173
57.915000,355.200012,381.200012
57.948000,353.500000,381.323517
57.981000,350.500000,382.500000
58.014000,345.500000,383.500000
58.047000,339.653839,384.500000
58.080000,333.500000,386.966675
58.113000,329.500000,387.500000
58.146000,318.500000,390.500000
58.179000,305.078949,393.078949
58.212000,300.500000,394.500000
58.245000,291.500000,395.323517
58.278000,280.107147,396.892853
58.311000,267.157379,398.412354
58.344000,256.500000,399.500000
58.377000,247.029419,399.500000
58.410000,238.500000,400.500000
58.443000,229.035721,399.964294
58.476000,221.035721,399.964294
58.509000,213.029419,399.500000
58.542000,206.500000,399.147064
58.575000,201.208160,398.594421
58.608000,197.233337,398.500000
58.641000,193.500000,398.500000
58.674000,190.892853,398.107147
58.707000,190.892853,398.107147
58.740000,190.042175,397.644592
58.773000,190.892853,398.107147
58.806000,190.892853,398.107147
58.839000,196.107147,398.892853
58.872000,200.833328,399.833344
58.905000,206.892853,400.107147
58.938000,209.871429,400.528564
58.971000,221.500000,400.500000
59.004000,229.117508,400.366364
59.037000,238.107147,400.892853
59.070000,252.500000,400.500000
59.103000,257.035706,399.964294
59.136000,262.159424,399.260864
59.169000,276.500000,398.500000
59.202000,285.879303,397.120697
59.235000,296.500000,396.500000
59.268000,305.035706,393.964294
59.301000,314.500000,392.500000
59.334000,322.500000,390.500000
59.367000,328.500000,388.500000
59.400000,332.500000,388.500000
59.433000,339.500000,386.033325
59.466000,344.500000,384.500000
59.499000,350.756165,382.421173
59.532000,353.869995,381.029999
59.565000,356.019989,380.980011
59.598000,356.939484,380.264343
59.631000,357.013824,380.162994
59.664000,356.573730,380.260376
59.697000,356.500000,380.192322
59.730000,351.500000,381.500000
59.763000,350.500000,382.500000
59.796000,347.986176,382.837006
59.829000,342.756165,384.421173
59.862000,333.445618,386.981171
59.895000,326.500000,388.500000
59.928000,314.500000,390.863647
59.961000,305.500000,392.500000
59.994000,300.925385,393.611938
60.027000,291.964294,395.035706
60.060000,282.107147,396.892853
60.093000,272.500000,397.500000
60.126000,262.945953,398.189178
60.159000,253.500000,399.045441
60.192000,244.366669,399.500000
60.225000,239.349319,399.609589
60.258000,231.035721,399.964294
60.291000,219.035721,399.964294
60.324000,211.500000,399.500000
60.357000,205.208160,398.594421
60.390000,200.500000,398.500000
60.423000,196.500000,398.500000
60.456000,194.892853,398.107147
60.489000,191.500000,398.500000
60.522000,190.892853,398.107147
60.555000,190.892853,398.107147
60.588000,191.787674,398.280823
60.621000,194.107147,398.892853
60.654000,198.107147,398.892853
60.687000,200.500000,399.500000
60.720000,206.892853,400.107147
60.753000,216.500000,400.500000
60.786000,224.107147,400.892853
60.819000,228.107147,400.892853
60.852000,236.500000,400.500000
60.885000,251.035721,399.964294
60.918000,261.035706,399.964294
60.951000,271.205872,399.205872
60.984000,279.766663,398.500000
61.017000,289.705994,397.053650
61.050000,298.966675,394.966675
61.083000,307.857147,393.857147
61.116000,312.500000,392.500000
61.149000,320.500000,390.500000
61.182000,327.970581,389.500000
61.215000,334.919342,387.435486
61.248000,337.764160,386.330200
61.281000,342.500000,384.500000
61.314000,349.000000,382.500000
61.347000,352.500000,382.000000
61.380000,354.500000,380.500000
61.413000,355.409088,380.500000
61.446000,356.088226,380.500000
61.479000,355.822784,380.632904
61.512000,354.238525,380.944946
61.545000,351.548767,381.817078
61.578000,347.500000,382.966675
61.611000,342.756165,384.421173
61.644000,333.421173,386.987671
61.677000,326.500000,388.500000
61.710000,319.578827,390.012329
61.743000,311.500000,391.970581
61.776000,302.500000,393.500000
61.809000,293.500000,395.029419
61.842000,283.157379,396.412354
61.875000,278.587646,397.157379
61.908000,269.500000,397.500000
61.941000,260.687500,398.500000
61.974000,250.500000,399.500000
62.007000,241.029419,399.500000
62.040000,232.366669,399.500000
62.073000,224.366669,399.500000
62.106000,216.500000,399.500000
62.139000,210.366669,399.500000
62.172000,204.500000,399.500000
62.205000,199.500000,399.045441
62.238000,196.500000,398.500000
62.271000,193.500000,398.500000
62.304000,192.383560,398.410950
62.337000,191.500000,398.500000
62.370000,191.500000,398.500000
62.403000,193.943665,398.704224
62.436000,196.107147,398.892853
62.469000,201.500000,399.500000
62.502000,206.892853,400.107147
62.535000,209.766663,400.500000
62.568000,220.107147,400.892853
62.601000,228.107147,400.892853
62.634000,236.500000,400.500000
62.667000,245.260864,400.159424
62.700000,255.500000,400.500000
62.733000,264.500000,399.500000
62.766000,273.500000,398.500000
62.799000,282.500000,398.500000
62.832000,293.346161,396.500000
62.865000,302.107147,394.892853
62.898000,311.421173,392.987671
62.931000,319.471008,391.311584
62.964000,327.035706,389.964294
62.997000,333.277771,387.722229
63.030000,339.426270,385.979248
63.063000,341.962677,385.485077
63.096000,348.500000,382.863647
63.129000,351.453491,381.802338
63.162000,354.029419,381.000000
63.195000,354.756165,380.578827
63.228000,354.863647,380.500000
63.261000,354.756165,380.578827
63.294000,353.394745,380.973694
63.327000,350.980011,382.019989
63.360000,347.000000,382.764709
63.393000,342.735291,384.264709
63.426000,339.500000,384.966675
63.459000,334.500000,386.500000
63.492000,327.100006,388.500000
63.525000,320.264709,390.264709
63.558000,311.970581,391.500000
63.591000,303.030853,393.487640
63.624000,294.500000,394.500000
63.657000,289.500000,395.323517
63.690000,275.500000,397.029419
63.723000,266.892853,398.107147
63.756000,257.208160,398.594421
63.789000,247.323532,399.500000
63.822000,238.366669,399.500000
63.855000,233.706009,399.946350
63.888000,225.921051,399.921051
63.921000,218.366669,399.500000
63.954000,208.500000,399.500000
63.987000,203.500000,399.045441
64.020000,199.233337,398.500000
64.053000,195.500000,398.500000
64.086000,194.138016,398.540710
64.119000,193.233337,398.500000
64.152000,193.233337,398.500000
64.185000,193.233337,398.500000
64.218000,194.107147,398.892853
64.251000,198.594421,399.208160
64.284000,203.612106,400.127808
64.317000,209.500000,400.500000
64.350000,216.107147,400.892853
64.383000,223.128571,400.471436
64.416000,231.964279,401.035706
64.449000,240.107147,400.892853
64.482000,249.500000,400.633331
64.515000,258.500000,400.500000
64.548000,267.964294,399.035706
64.581000,277.500000,398.500000
64.614000,286.107147,396.892853
64.647000,296.500000,396.500000
64.680000,304.500000,394.500000
64.713000,313.500000,392.500000
64.746000,317.500000,391.500000
64.779000,324.578827,390.243835
64.812000,331.719177,387.974884
64.845000,338.136353,386.500000
64.878000,340.500000,386.500000
64.911000,344.570190,384.149109
64.944000,351.176483,381.941162
64.977000,353.500000,381.500000
65.010000,354.162994,381.013824
65.043000,354.162994,381.013824
65.076000,353.238098,381.142853
65.109000,351.794128,381.500000
65.142000,348.756165,382.421173
65.175000,344.682251,383.112152
65.208000,342.264343,384.060516
65.241000,337.500000,385.029419
65.274000,330.752472,387.207916
65.307000,323.561615,389.011841
65.340000,316.500000,390.500000
65.373000,303.908386,392.971191
65.406000,294.500000,394.500000
65.439000,285.603455,395.982758
65.472000,276.291473,397.177734
65.505000,268.500000,398.500000
65.538000,259.147064,398.500000
65.571000,248.987686,399.578827
65.604000,244.366669,399.500000
65.637000,235.035721,399.964294
65.670000,227.386703,400.268463
65.703000,219.964279,399.964294
65.736000,216.500000,399.500000
65.769000,206.594421,399.208160
65.802000,202.500000,398.500000
65.835000,198.500000,398.500000
65.868000,196.500000,399.000000
65.901000,194.500000,398.500000
65.934000,194.500000,399.000000
65.967000,194.840805,399.293732
66.000000,194.945953,398.189178
66.033000,196.107147,398.892853
66.066000,199.321426,399.678558
66.099000,204.438385,400.419434
66.132000,206.892853,400.107147
66.165000,216.291473,401.177734
66.198000,219.964279,401.035706
66.231000,231.280823,401.025116
66.264000,239.512344,401.030853
66.297000,248.500000,400.500000
66.330000,257.035706,399.964294
66.363000,267.200012,399.200012
66.396000,276.107147,398.892853
66.429000,284.766663,398.233337
66.462000,290.107147,396.892853
66.495000,303.500000,394.500000
66.528000,312.107147,392.892853
66.561000,320.349243,391.369354
66.594000,327.067566,389.472961
66.627000,330.500000,388.500000
66.660000,339.277771,385.722229
66.693000,343.000000,384.500000
66.726000,347.500000,383.500000
66.759000,350.578827,382.243835
66.792000,352.500000,381.611115
66.825000,353.500000,381.500000
66.858000,353.351349,381.297302
66.891000,353.232147,381.303558
66.924000,352.078644,381.561798
66.957000,348.500000,382.500000
66.990000,344.500000,382.500000
67.023000,340.500000,384.500000
67.056000,334.500000,386.500000
67.089000,328.033325,388.033325
67.122000,324.500000,388.863647
67.155000,313.323517,391.500000
67.188000,305.091614,392.971191
67.221000,296.500000,394.500000
67.254000,287.035706,395.964294
67.287000,277.766663,396.500000
67.320000,264.892853,398.107147
67.353000,260.018677,398.584106
67.386000,250.412354,399.157379
67.419000,241.357147,399.642853
67.452000,232.650757,399.630646
67.485000,225.035721,399.964294
67.518000,218.366669,399.500000
67.551000,211.738098,399.261902
67.584000,208.594421,399.208160
67.617000,201.500000,398.807678
67.650000,198.500000,398.500000
67.683000,196.500000,399.000000
67.716000,195.233337,398.500000
67.749000,195.233337,398.500000
67.782000,195.233337,398.500000
67.815000,195.733765,398.993500
67.848000,198.500000,399.233337
67.881000,202.410965,400.383575
67.914000,206.892853,400.107147
67.947000,216.107147,400.892853
67.980000,219.147064,400.500000
68.013000,226.107147,400.892853
68.046000,234.107147,400.892853
68.079000,242.500000,400.500000
68.112000,247.500000,400.633331
68.145000,261.500000,400.500000
68.178000,270.471436,399.128571
68.211000,279.842621,398.412354
68.244000,288.000000,396.727264
68.277000,294.500000,396.500000
68.310000,302.107147,394.892853
68.343000,315.346161,392.500000
68.376000,322.500000,390.500000
68.409000,328.500000,388.500000
68.442000,332.500000,388.500000
68.475000,340.012329,385.578827
68.508000,344.500000,384.500000
68.541000,347.869995,383.029999
68.574000,350.060516,382.264343
68.607000,351.688416,381.471008
68.640000,352.133484,381.124420
68.673000,351.857147,381.238098
68.706000,351.500000,381.500000
68.739000,349.578827,382.012329
68.772000,346.500000,382.500000
68.805000,341.875000,383.875000
68.838000,337.029419,385.500000
68.871000,331.421173,386.987671
68.904000,328.033325,388.033325
68.937000,316.500000,390.500000
68.970000,309.500000,391.970581
69.003000,301.030853,393.487640
69.036000,292.500000,394.500000
69.069000,282.708527,395.822266
69.102000,273.908386,396.971191
69.135000,265.852936,398.500000
69.168000,256.366669,399.500000
69.201000,247.739136,398.840576
69.234000,238.500000,399.500000
69.267000,230.500000,399.500000
69.300000,223.500000,399.500000
69.333000,216.500000,399.500000
69.366000,210.500000,399.500000
69.399000,205.500000,399.500000
69.432000,201.633331,399.366669
69.465000,198.500000,398.500000
69.498000,196.500000,398.500000
69.531000,195.894196,398.744812
69.564000,195.894196,398.744812
69.597000,196.500000,398.500000
69.630000,198.500000,399.500000
69.663000,202.500000,399.766663
69.696000,206.892853,400.107147
69.729000,209.842636,400.587646
69.762000,218.500000,400.500000
69.795000,226.500000,401.500000
69.828000,234.500000,401.500000
69.861000,242.107147,400.892853
69.894000,246.500000,400.500000
69.927000,251.500000,400.500000
69.960000,265.500000,399.500000
69.993000,274.444458,399.111115
70.026000,278.500000,398.500000
70.059000,292.107147,396.892853
70.092000,300.500000,394.500000
70.125000,309.078949,393.078949
70.158000,316.987671,391.421173
70.191000,324.500000,390.500000
70.224000,330.500000,388.500000
70.257000,336.230164,386.912689
70.290000,341.200012,385.200012
70.323000,345.125000,383.875000
70.356000,348.019989,382.980011
70.389000,348.756165,382.578827
70.422000,351.500000,381.500000
70.455000,351.500000,381.500000
70.488000,351.500000,381.500000
70.521000,351.435486,381.919342
70.554000,347.590912,382.500000
70.587000,343.500000,383.323517
70.620000,339.300964,384.194183
70.653000,334.311646,385.912567
70.686000,328.500000,388.500000
70.719000,321.500000,389.323517
70.752000,318.500000,390.500000
70.785000,306.500000,392.500000
70.818000,297.500000,393.970581
70.851000,287.964294,395.035706
70.884000,284.264709,396.264709
70.917000,275.500000,397.342102
70.950000,266.708527,397.822266
70.983000,257.613312,398.731537
71.016000,248.366669,399.500000
71.049000,240.366669,399.500000
71.082000,232.366669,399.500000
71.115000,224.500000,399.500000
71.148000,221.035721,399.964294
71.181000,211.794113,399.500000
71.214000,206.500000,399.233337
71.247000,202.500000,398.500000
71.280000,199.500000,399.045441
71.313000,197.500000,398.500000
71.346000,196.500000,398.500000
71.379000,196.500000,398.500000
71.412000,197.500000,399.045441
71.445000,199.500000,399.500000
71.478000,202.892853,400.107147
71.511000,207.117508,400.366364
71.544000,212.500000,400.500000
71.577000,219.500000,401.500000
71.610000,226.500000,401.500000
71.643000,233.964279,401.035706
71.676000,242.500000,401.500000
71.709000,250.500000,400.500000
71.742000,260.107147,400.892853
71.775000,268.731964,398.938141
71.808000,277.766663,398.500000
71.841000,285.500000,396.500000
71.874000,295.852936,396.500000
71.907000,304.107147,394.892853
71.940000,311.964294,393.035706
71.973000,319.964294,391.035706
72.006000,326.985870,389.906769
72.039000,333.035706,387.964294
72.072000,338.314819,386.685181
72.105000,342.019989,384.980011
72.138000,345.500000,383.500000
72.171000,348.346161,382.653839
72.204000,350.060516,382.264343
72.237000,350.500000,381.730774
72.270000,350.500000,381.590912
72.303000,350.500000,382.000000
72.336000,348.500000,382.192322
72.369000,345.986176,382.837006
72.402000,342.500000,384.500000
72.435000,336.777771,384.777771
72.468000,334.500000,386.500000
72.501000,324.500000,388.500000
72.534000,317.035706,389.964294
72.567000,310.500000,392.500000
72.600000,302.107147,392.892853
72.633000,293.500000,394.500000
72.666000,284.500000,395.653839
72.699000,275.964294,397.035706
72.732000,268.405579,397.791840
72.765000,258.500000,398.500000
72.798000,249.208160,398.594421
72.831000,240.840576,399.739136
72.864000,233.035721,399.964294
72.897000,225.593124,400.354248
72.930000,219.035721,399.964294
72.963000,213.035721,399.964294
72.996000,207.678574,399.321442
73.029000,203.821426,399.178558
73.062000,200.500000,399.233337
73.095000,198.412354,399.157379
73.128000,197.500000,398.500000
73.161000,197.500000,399.500000
73.194000,197.633331,399.366669
73.227000,200.361710,400.319153
73.260000,203.457748,400.410797
73.293000,207.882492,400.633636
73.326000,212.500000,400.500000
73.359000,219.147064,400.500000
73.392000,226.500000,401.500000
73.425000,233.964279,401.035706
73.458000,237.964279,401.035706
73.491000,242.500000,401.500000
73.524000,254.500000,400.500000
73.557000,263.035706,399.964294
73.590000,272.633331,399.500000
73.623000,281.500000,399.500000
73.656000,284.500000,397.500000
73.689000,298.594421,395.208160
73.722000,307.035706,393.964294
73.755000,314.500000,392.500000
73.788000,322.243835,390.578827
73.821000,328.688354,389.087433
73.854000,334.012329,387.421173
73.887000,338.966675,386.033325
73.920000,342.756165,384.421173
73.953000,345.857147,383.238098
73.986000,348.346161,382.653839
74.019000,350.072784,382.368530
74.052000,350.216766,382.187866
74.085000,350.060516,382.264343
74.118000,348.756165,382.421173
74.151000,346.500000,382.500000
74.184000,343.000000,382.970581
74.217000,338.500000,384.500000
74.250000,336.777771,384.777771
74.283000,331.112152,386.682251
74.316000,324.927216,388.368530
74.349000,318.500000,390.500000
74.382000,311.029419,391.500000
74.415000,302.777771,392.777771
74.448000,294.500000,394.500000
74.481000,285.500000,395.029419
74.514000,281.157379,396.412354
74.547000,268.500000,397.233337
74.580000,260.000000,398.000000
74.613000,251.208160,398.594421
74.646000,242.366669,399.500000
74.679000,234.500000,400.500000
74.712000,226.708527,399.822266
74.745000,222.708527,399.822266
74.778000,214.160950,399.705994
74.811000,208.938812,399.073853
74.844000,204.589035,398.616425
74.877000,200.342102,399.000000
74.910000,199.853714,399.246735
74.943000,198.447372,398.500000
74.976000,198.342102,399.000000
75.009000,198.882355,399.000000
75.042000,200.633636,399.882477
75.075000,204.361710,400.319153
75.108000,210.107147,400.892853
75.141000,216.107147,400.892853
75.174000,222.500000,401.500000
75.207000,229.943665,400.704224
75.240000,237.208160,400.594421
75.273000,246.291473,401.177734
75.306000,250.107147,400.892853
75.339000,258.500000,400.500000
75.372000,267.035706,399.964294
75.405000,276.291473,399.177734
75.438000,280.500000,398.500000
75.471000,288.412354,397.157379
75.504000,302.291473,395.177734
75.537000,313.500000,392.500000
75.570000,320.500000,390.500000
75.603000,327.807678,389.192322
75.636000,330.314819,388.685181
75.669000,335.421173,386.987671
75.702000,339.807678,385.192322
75.735000,343.409088,384.500000
75.768000,346.244507,383.156403
75.801000,348.243835,382.421173
75.834000,348.966675,382.033325
75.867000,349.133331,382.000000
75.900000,348.966675,382.033325
75.933000,348.500000,382.500000
75.966000,346.756165,382.421173
75.999000,342.572113,382.836548
76.032000,339.000000,384.500000
76.065000,334.500000,386.500000
76.098000,327.964294,387.035706
76.131000,321.875549,388.692139
76.164000,318.500000,390.500000
76.197000,307.192322,391.807678
76.230000,299.294006,393.053650
76.263000,290.500000,394.500000
76.296000,281.842621,396.412354
76.329000,273.500000,397.029419
76.362000,265.117523,398.366364
76.395000,256.892853,398.107147
76.428000,247.817078,398.987793
76.461000,239.208160,398.594421
76.494000,232.366669,399.500000
76.527000,224.500000,399.500000
76.560000,218.500000,399.500000
76.593000,212.708527,399.822266
76.626000,208.160950,399.294006
76.659000,204.500000,399.000000
76.692000,201.853714,399.246735
76.725000,199.973679,399.500000
76.758000,198.882355,399.000000
76.791000,198.988266,399.138489
76.824000,200.361710,400.319153
76.857000,202.892853,400.107147
76.890000,206.107147,400.892853
76.923000,210.107147,400.892853
76.956000,216.500000,401.500000
76.989000,222.500000,401.500000
77.022000,229.678574,401.321442
77.055000,232.895065,401.858032
77.088000,245.078949,401.078949
77.121000,254.107147,400.892853
77.154000,262.107147,400.892853
77.187000,272.016571,399.096039
77.220000,279.560822,399.271851
77.253000,287.810333,397.189667
77.286000,292.500000,396.500000
77.319000,305.500000,394.500000
77.352000,312.500000,392.500000
77.385000,319.964294,391.035706
77.418000,326.840576,389.739136
77.451000,332.500000,388.500000
77.484000,336.500000,386.500000
77.517000,339.029419,385.500000
77.550000,344.500000,384.500000
77.583000,346.378632,383.029114
77.616000,347.500000,382.500000
77.649000,348.208344,382.208344
77.682000,348.208344,382.208344
77.715000,347.986176,382.162994
77.748000,346.500000,382.500000
77.781000,344.224854,382.584656
77.814000,340.500000,383.500000
77.847000,335.647736,384.670441
77.880000,330.500000,386.500000
77.913000,325.029419,387.500000
77.946000,318.764709,389.000000
77.979000,311.964294,391.035706
78.012000,304.500000,392.500000
78.045000,295.578827,394.012329
78.078000,291.369354,394.650757
78.111000,278.107147,396.892853
78.144000,270.295776,397.056335
78.177000,261.500000,398.500000
78.210000,253.208160,398.594421
78.243000,244.500000,399.500000
78.276000,236.704224,399.943665
78.309000,232.840576,399.739136
78.342000,222.892853,400.107147
78.375000,216.892853,400.107147
78.408000,211.500000,399.954559
78.441000,206.708527,399.822266
78.474000,204.361710,400.319153
78.507000,202.011734,399.861511
78.540000,200.500000,399.500000
78.573000,200.397842,399.451599
78.606000,200.500000,399.500000
78.639000,201.766663,399.766663
78.672000,204.500000,400.500000
78.705000,208.500000,400.500000
78.738000,210.500000,400.500000
78.771000,218.500000,400.500000
78.804000,225.500000,401.500000
78.837000,232.500000,401.500000
78.870000,240.500000,401.500000
78.903000,249.035721,401.035706
78.936000,257.500000,400.500000
78.969000,266.500000,399.500000
79.002000,275.500000,399.500000
79.035000,282.399994,398.399994
79.068000,286.594421,397.208160
79.101000,300.291473,395.177734
79.134000,307.985138,393.519806
79.167000,311.964294,393.035706
79.200000,322.107147,390.892853
79.233000,328.349243,389.369354
79.266000,333.380005,387.619995
79.299000,337.903656,385.986237
79.332000,341.000000,384.600006
79.365000,344.500000,384.136353
79.398000,345.200012,383.200012
79.431000,346.807678,382.500000
79.464000,347.013824,382.162994
79.497000,347.013824,382.162994
79.530000,346.756165,382.421173
79.563000,346.108704,382.760864
79.596000,341.500000,383.500000
79.629000,338.500000,384.500000
79.662000,333.655548,385.766663
79.695000,328.500000,386.863647
79.728000,322.500000,388.500000
79.761000,314.756165,390.421173
79.794000,307.970581,391.500000
79.827000,299.875549,392.692139
79.860000,292.500000,394.500000
79.893000,282.500000,395.500000
79.926000,274.500000,396.500000
79.959000,267.500000,397.500000
79.992000,258.892853,398.107147
80.025000,245.964279,399.035706
80.058000,238.014130,399.906769
80.091000,230.500000,399.500000
80.124000,223.500000,399.500000
80.157000,218.366669,399.500000
80.190000,215.035721,399.964294
80.223000,209.853714,399.246735
80.256000,206.246780,399.547211
80.289000,203.987366,399.629974
80.322000,202.042175,399.644592
80.355000,201.500000,399.500000
80.388000,200.761063,399.964600
80.421000,201.766663,399.766663
80.454000,203.842636,400.587646
80.487000,207.233337,401.233337
80.520000,211.500000,401.500000
80.553000,216.500000,401.500000
80.586000,222.500000,401.766663
80.619000,228.704224,401.943665
80.652000,236.500000,401.766663
80.685000,244.500000,401.500000
80.718000,252.107147,400.892853
80.751000,260.892853,400.107147
80.784000,269.500000,399.970581
80.817000,274.159424,399.260864
80.850000,286.500000,397.884613
80.883000,295.500000,396.633331
80.916000,302.107147,394.892853
80.949000,306.500000,394.500000
80.982000,313.500000,392.500000
81.015000,320.500000,390.500000
81.048000,327.029846,389.455231
81.081000,332.500000,388.500000
81.114000,336.735291,386.264709
81.147000,340.378632,385.029114
81.180000,343.021729,384.152161
81.213000,345.238098,383.142853
81.246000,346.233337,382.500000
81.279000,346.735291,382.500000
81.312000,346.233337,382.500000
81.345000,345.013824,382.837006
81.378000,342.786530,382.651672
81.411000,339.899994,383.500000
81.444000,335.500000,384.500000
81.477000,330.500000,386.500000
81.510000,325.311584,387.528992
81.543000,318.731964,388.938141
81.576000,312.500000,390.500000
81.609000,304.500000,392.500000
81.642000,296.500000,393.500000
81.675000,288.500000,394.500000
81.708000,280.107147,396.892853
81.741000,272.295776,397.056335
81.774000,264.361694,398.319153
81.807000,255.147064,398.500000
81.840000,246.594421,399.208160
81.873000,238.985870,399.906769
81.906000,231.500000,399.500000
81.939000,225.035721,399.964294
81.972000,221.500000,399.500000
82.005000,213.791840,400.405579
82.038000,209.791840,400.405579
82.071000,207.500000,399.500000
82.104000,203.500000,399.500000
82.137000,202.042175,399.644592
82.170000,201.766663,399.766663
82.203000,201.766663,399.766663
82.236000,203.157364,400.412354
82.269000,205.500000,400.500000
82.302000,209.208160,400.594421
82.335000,213.943665,400.704224
82.368000,216.587646,401.842621
82.401000,225.500000,401.954559
82.434000,232.587646,401.842621
82.467000,239.921051,401.921051
82.500000,248.405579,401.791840
82.533000,256.500000,401.500000
82.566000,260.892853,400.107147
82.599000,269.177734,400.291473
82.632000,277.233337,399.233337
82.665000,285.500000,399.500000
82.698000,294.314819,396.685181
82.731000,297.987183,395.679474
82.764000,309.500000,393.500000
82.797000,316.500000,392.500000
82.830000,322.756165,390.421173
82.863000,325.857147,389.714294
82.896000,331.423065,388.000000
82.929000,337.857147,385.714294
82.962000,340.500000,384.500000
82.995000,342.421173,384.243835
83.028000,344.951233,383.097565
83.061000,345.459015,382.811462
83.094000,345.500000,382.500000
83.127000,345.409088,382.500000
83.160000,344.735291,382.735291
83.193000,341.500000,383.500000
83.226000,338.500000,384.500000
83.259000,333.722229,385.277771
83.292000,328.500000,386.500000
83.325000,322.500000,388.500000
83.358000,315.500000,389.500000
83.391000,312.500000,390.500000
83.424000,301.500000,392.500000
83.457000,293.500000,393.970581
83.490000,285.030853,395.487640
83.523000,280.500000,396.000000
83.556000,269.142853,397.142853
83.589000,261.117523,398.366364
83.622000,256.892853,398.107147
83.655000,247.822281,398.708527
83.688000,240.366669,399.500000
83.721000,230.127808,399.612122
83.754000,223.035721,399.964294
83.787000,217.208160,400.405579
83.820000,212.892853,400.107147
83.853000,210.500000,399.500000
83.886000,207.500000,399.500000
83.919000,205.120697,399.879303
83.952000,203.264709,399.500000
83.985000,203.120697,399.879303
84.018000,203.157364,400.412354
84.051000,205.157364,400.412354
84.084000,207.500000,400.500000
84.117000,212.061188,401.926147
84.150000,216.500000,401.500000
84.183000,219.612106,402.127808
84.216000,225.500000,402.500000
84.249000,235.791840,402.405579
84.282000,243.791840,402.405579
84.315000,251.612106,402.127808
84.348000,260.291473,401.177734
84.381000,268.500000,400.500000
84.414000,272.555542,399.888885
84.447000,280.291473,399.177734
84.480000,288.000000,397.500000
84.513000,297.500000,396.500000
84.546000,304.500000,394.500000
84.579000,308.500000,393.500000
84.612000,316.000000,392.500000
84.645000,321.386688,390.268463
84.678000,330.500000,388.500000
84.711000,334.500000,386.500000
84.744000,338.500000,386.000000
84.777000,341.388885,384.500000
84.810000,342.570190,384.149109
84.843000,344.500000,382.863647
84.876000,345.349213,382.976196
84.909000,345.416656,382.875000
84.942000,344.029419,383.000000
84.975000,342.938141,382.731964
85.008000,339.500000,383.970581
85.041000,335.000000,384.500000
85.074000,330.366669,385.500000
85.107000,325.029419,387.500000
85.140000,322.500000,388.500000
85.173000,315.500000,389.500000
85.206000,308.731964,390.938141
85.239000,297.500000,392.500000
85.272000,290.500000,394.500000
85.305000,280.500000,395.500000
85.338000,277.386688,396.268463
85.371000,265.500000,398.227264
85.404000,257.157379,398.412354
85.437000,248.692139,399.124451
85.470000,240.987686,399.421173
85.503000,234.366669,399.500000
85.536000,227.035721,399.964294
85.569000,221.035721,399.964294
85.602000,213.631577,400.157898
85.635000,210.042175,399.644592
85.668000,206.708527,399.822266
85.701000,204.852936,399.500000
85.734000,203.766663,399.766663
85.767000,203.439163,399.728149
85.800000,203.766663,399.766663
85.833000,205.233337,400.500000
85.866000,207.943665,400.704224
85.899000,212.366364,401.117523
85.932000,214.500000,401.766663
85.965000,219.500000,401.500000
85.998000,226.383560,402.410950
86.031000,228.892853,402.107147
86.064000,235.791840,402.405579
86.097000,243.035721,401.964294
86.130000,250.840576,401.739136
86.163000,255.500000,401.500000
86.196000,263.842621,400.587646
86.229000,271.082275,399.955688
86.262000,283.500000,399.500000
86.295000,291.822266,396.708527
86.328000,296.388885,396.611115
86.361000,303.964294,395.035706
86.394000,314.314819,392.685181
86.427000,320.500000,390.500000
86.460000,326.973694,389.394745
86.493000,331.948975,387.683685
86.526000,335.764160,386.330200
86.559000,337.970581,385.500000
86.592000,340.500000,384.500000
86.625000,342.500000,384.000000
86.658000,344.162994,383.013824
86.691000,344.208344,382.791656
86.724000,344.019989,382.980011
86.757000,342.311584,382.557983
86.790000,341.421173,382.987671
86.823000,337.000000,384.500000
86.856000,332.777771,384.777771
86.889000,328.243835,386.578827
86.922000,322.033325,388.033325
86.955000,315.946350,389.294006
86.988000,309.421173,390.987671
87.021000,302.500000,392.500000
87.054000,294.366669,393.500000
87.087000,286.588898,394.788879
87.120000,282.500000,395.653839
87.153000,270.892853,396.107147
87.186000,262.708527,397.822266
87.219000,259.000000,398.272736
87.252000,251.233337,399.233337
87.285000,242.594421,399.208160
87.318000,232.366669,399.500000
87.351000,225.593124,400.354248
87.384000,220.500000,399.852936
87.417000,215.157364,400.412354
87.450000,211.157364,400.412354
87.483000,208.107147,400.892853
87.516000,205.766663,399.766663
87.549000,204.892853,400.107147
87.582000,204.500000,400.500000
87.615000,205.322586,400.165314
87.648000,206.107147,400.892853
87.681000,208.500000,401.233337
87.714000,212.500000,401.500000
87.747000,216.731522,401.613312
87.780000,222.500000,401.766663
87.813000,228.892853,402.107147
87.846000,231.791840,402.405579
87.879000,235.500000,402.500000
87.912000,246.587646,401.842621
87.945000,254.500000,401.500000
87.978000,258.107147,400.892853
88.011000,266.892853,400.107147
88.044000,279.233337,399.233337
88.077000,286.500000,397.884613
88.110000,294.500000,396.500000
88.143000,302.500000,395.346161
88.176000,309.946350,393.294006
88.209000,315.974884,391.719177
88.242000,322.500000,390.500000
88.275000,325.277771,389.722229
88.308000,330.500000,388.500000
88.341000,336.500000,386.500000
88.374000,339.792084,384.752472
88.407000,342.055542,384.055542
88.440000,342.730774,383.653839
88.473000,343.200012,383.200012
88.506000,343.238098,383.142853
88.539000,342.578827,382.756165
88.572000,341.200012,383.200012
88.605000,338.235535,383.830566
88.638000,334.500000,384.500000
88.671000,330.194183,385.300964
88.704000,328.233337,386.500000
88.737000,319.602417,388.542175
88.770000,313.578827,390.012329
88.803000,306.500000,391.590912
88.836000,299.421173,392.987671
88.869000,295.500000,393.500000
88.902000,282.633331,395.500000
88.935000,274.500000,396.500000
88.968000,268.500000,397.500000
89.001000,263.823517,398.000000
89.034000,251.817078,398.987793
89.067000,244.500000,399.500000
89.100000,237.177719,400.291473
89.133000,230.892853,400.107147
89.166000,224.892853,400.107147
89.199000,222.383560,400.410950
89.232000,214.892853,400.107147
89.265000,211.157364,400.412354
89.298000,207.766663,399.766663
89.331000,205.766663,399.766663
89.364000,205.439163,399.728149
89.397000,205.322586,400.165314
89.430000,205.882492,400.633636
89.463000,207.787674,400.719177
89.496000,208.500000,401.233337
89.529000,212.500000,401.500000
89.562000,216.961533,402.038452
89.595000,222.587646,401.842621
89.628000,228.892853,402.107147
89.661000,234.892853,402.107147
89.694000,238.892853,402.107147
89.727000,249.791840,402.405579
89.760000,257.500000,400.500000
89.793000,266.107147,400.892853
89.826000,273.849701,399.592010
89.859000,277.500000,399.500000
89.892000,289.969147,397.487640
89.925000,297.035706,395.964294
89.958000,304.892853,394.107147
89.991000,308.436005,393.579987
90.024000,317.962677,391.485077
90.057000,324.055542,390.055542
90.090000,328.573730,388.260376
90.123000,332.966675,386.966675
90.156000,336.723877,385.380585
90.189000,339.388885,384.500000
90.222000,340.573730,384.260376
90.255000,342.500000,384.000000
90.288000,342.500000,383.500000
90.321000,342.378632,383.029114
90.354000,342.029419,383.000000
90.387000,339.277771,383.722229
90.420000,336.685181,384.314819
90.453000,332.500000,385.500000
90.486000,328.500000,386.500000
90.519000,325.421173,386.987671
90.552000,316.764709,389.000000
90.585000,310.500000,390.500000
90.618000,303.066040,391.990570
90.651000,296.366669,393.500000
90.684000,292.500000,394.500000
90.717000,279.766663,395.766663
90.750000,273.765686,397.306763
90.783000,265.117523,398.366364
90.816000,257.233337,398.500000
90.849000,249.029419,399.500000
90.882000,242.500000,400.500000
90.915000,235.035721,399.964294
90.948000,231.653839,400.500000
90.981000,222.892853,400.107147
91.014000,218.500000,400.500000
91.047000,213.766663,399.766663
91.080000,210.892853,400.107147
91.113000,209.233337,400.500000
91.146000,207.233337,400.500000
91.179000,206.500000,400.500000
91.212000,206.500000,400.500000
91.245000,207.233337,400.500000
91.278000,209.500000,401.045441
91.311000,212.500000,401.500000
91.344000,214.633636,401.882477
91.377000,219.612106,402.127808
91.410000,225.056335,402.295776
91.443000,230.892853,402.107147
91.476000,237.791840,402.405579
91.509000,244.840576,401.739136
91.542000,252.500000,401.500000
91.575000,260.892853,400.107147
91.608000,264.500000,400.500000
91.641000,276.192322,399.500000
91.674000,284.399994,398.399994
91.707000,292.107147,396.892853
91.740000,299.705994,395.053650
91.773000,307.035706,393.964294
91.806000,313.035706,391.964294
91.839000,315.964294,391.035706
91.872000,324.875000,389.218750
91.905000,329.970581,387.500000
91.938000,333.681824,386.045441
91.971000,336.700012,385.000000
92.004000,338.500000,384.500000
92.037000,340.500000,384.136353
92.070000,341.500000,383.447357
92.103000,341.799988,383.200012
92.136000,341.200012,383.200012
92.169000,339.970581,383.500000
92.202000,337.500000,383.970581
92.235000,334.500000,384.500000
92.268000,330.224640,385.818848
92.301000,325.964294,387.035706
92.334000,323.311584,387.528992
92.367000,314.500000,390.500000
92.400000,307.611938,390.925385
92.433000,300.500000,392.500000
92.466000,293.035706,393.964294
92.499000,285.013763,395.096344
92.532000,278.049591,396.826447
92.565000,270.500000,397.233337
92.598000,263.157379,398.412354
92.631000,255.208160,398.594421
92.664000,247.500000,399.500000
92.697000,240.366669,399.500000
92.730000,233.653839,400.500000
92.763000,227.500000,400.500000
92.796000,222.107147,400.892853
92.829000,217.233337,400.500000
92.862000,213.233337,400.500000
92.895000,210.500000,400.500000
92.928000,208.500000,400.500000
92.961000,207.233337,400.500000
92.994000,206.500000,400.500000
93.027000,207.233337,400.500000
93.060000,208.589035,400.616425
93.093000,210.397842,401.451599
93.126000,212.500000,401.500000
93.159000,217.451614,402.397858
93.192000,222.500000,402.500000
93.225000,225.056335,402.295776
93.258000,234.291473,401.822266
93.291000,240.500000,401.500000
93.324000,247.964279,401.035706
93.357000,256.291473,401.177734
93.390000,263.096039,400.016571
93.423000,272.405579,399.791840
93.456000,274.645752,399.406891
93.489000,286.594421,397.208160
93.522000,295.500000,396.500000
93.555000,301.500000,394.500000
93.588000,308.107147,392.892853
93.621000,315.500000,391.970581
93.654000,320.735291,390.264709
93.687000,326.019989,388.980011
93.720000,330.247528,387.207916
93.753000,334.500000,386.500000
93.786000,338.500000,384.500000
93.819000,339.548767,383.817078
93.852000,340.500000,383.590912
93.885000,340.542175,383.602417
93.918000,340.404053,383.348480
93.951000,339.277771,383.722229
93.984000,337.619415,384.276123
94.017000,336.500000,384.500000
94.050000,331.875549,384.692139
94.083000,328.500000,386.500000
94.116000,323.029419,387.500000
94.149000,317.573730,389.020752
94.182000,311.500000,390.366669
94.215000,304.500000,391.500000
94.248000,297.946350,393.294006
94.281000,290.500000,394.500000
94.314000,281.500000,395.500000
94.347000,274.295776,397.056335
94.380000,267.035706,397.964294
94.413000,260.383575,398.410950
94.446000,255.679489,399.012817
94.479000,248.366669,399.500000
94.512000,241.208160,400.405579
94.545000,234.500000,400.500000
94.578000,228.107147,400.892853
94.611000,222.587646,401.157379
94.644000,218.107147,400.892853
94.677000,214.500000,400.500000
94.710000,211.500000,400.500000
94.743000,209.500000,400.500000
94.776000,208.500000,400.500000
94.809000,208.157532,400.561646
94.842000,208.500000,401.000000
94.875000,209.208160,400.594421
94.908000,213.500000,401.500000
94.941000,217.612106,402.127808
94.974000,222.500000,402.500000
95.007000,224.892853,402.107147
95.040000,230.587646,401.842621
95.073000,236.892853,402.107147
95.106000,244.500000,401.766663
95.139000,250.872192,401.387878
95.172000,259.124451,400.692139
95.205000,266.159424,399.260864
95.238000,274.500000,399.500000
95.271000,281.500000,399.500000
95.304000,289.117523,396.366364
95.337000,296.840576,395.739136
95.370000,304.388885,394.611115
95.403000,310.500000,392.500000
95.436000,313.688416,391.528992
95.469000,322.500000,390.136353
95.502000,329.500000,387.500000
95.535000,332.735291,386.264709
95.568000,336.029419,385.000000
95.601000,337.961548,384.500000
95.634000,339.142853,383.857147
95.667000,339.528168,383.683105
95.700000,339.528168,383.683105
95.733000,339.480865,383.624390
95.766000,339.000000,384.000000
95.799000,336.833344,384.166656
95.832000,335.500000,384.500000
95.865000,330.685181,386.314819
95.898000,325.964294,387.035706
95.931000,320.500000,388.500000
95.964000,315.192322,389.807678
95.997000,312.500000,390.500000
96.030000,305.301727,391.956909
96.063000,298.500000,393.147064
96.096000,291.613312,394.731537
96.129000,283.500000,396.366669
96.162000,276.291473,397.177734
96.195000,268.500000,397.500000
96.228000,261.233337,398.500000
96.261000,253.030869,399.487640
96.294000,246.500000,400.500000
96.327000,239.035721,399.964294
96.360000,233.233337,400.500000
96.393000,227.233337,400.500000
96.426000,221.882492,400.633636
96.459000,217.882492,400.633636
96.492000,214.500000,401.233337
96.525000,211.500000,400.500000
96.558000,209.882492,400.633636
96.591000,209.233337,400.500000
96.624000,208.500000,400.500000
96.657000,209.233337,400.500000
96.690000,210.500000,400.500000
96.723000,214.500000,401.766663
96.756000,216.319153,402.361694
96.789000,222.433334,402.433319
96.822000,227.612106,402.127808
96.855000,233.612106,402.127808
96.888000,240.500000,401.766663
96.921000,246.731522,401.613312
96.954000,254.107147,400.892853
96.987000,261.766663,400.500000
97.020000,265.260864,400.159424
97.053000,276.616425,398.589050
97.086000,287.842621,396.587646
97.119000,292.500000,396.500000
97.152000,299.964294,395.035706
97.185000,306.107147,392.892853
97.218000,313.035706,391.964294
97.251000,318.500000,390.500000
97.284000,322.500000,388.500000
97.317000,328.012329,387.578827
97.350000,331.887848,386.682251
97.383000,334.891296,385.239136
97.416000,336.756165,384.578827
97.449000,338.578827,384.243835
97.482000,339.125000,383.875000
97.515000,339.200012,383.799988
97.548000,338.500000,384.500000
97.581000,337.578827,384.012329
97.614000,335.000000,384.500000
97.647000,331.970581,385.500000
97.680000,328.243835,386.578827
97.713000,323.500000,387.500000
97.746000,317.908386,388.971191
97.779000,312.500000,390.500000
97.812000,305.564514,391.919342
97.845000,299.078949,393.078949
97.878000,291.500000,394.366669
97.911000,283.500000,395.500000
97.944000,276.291473,397.177734
97.977000,269.708344,397.291656
98.010000,261.822266,398.708527
98.043000,254.500000,399.500000
98.076000,247.035721,399.964294
98.109000,240.500000,400.500000
98.142000,234.107147,400.892853
98.175000,228.107147,400.892853
98.208000,223.208160,400.594421
98.241000,218.500000,400.500000
98.274000,215.208160,400.594421
98.307000,212.500000,400.500000
98.340000,210.500000,400.500000
98.373000,209.882492,400.633636
98.406000,209.500000,400.500000
98.439000,210.500000,401.233337
98.472000,211.765305,401.377563
98.505000,214.500000,401.766663
98.538000,218.500000,401.766663
98.571000,220.438385,402.419434
98.604000,225.500000,402.500000
98.637000,230.892853,402.107147
98.670000,236.892853,402.107147
98.703000,240.500000,401.500000
98.736000,250.500000,401.500000
98.769000,258.500000,400.500000
98.802000,265.485077,399.962677
98.835000,272.972351,399.097992
98.868000,280.500000,398.500000
98.901000,287.000000,396.500000
98.934000,291.386688,396.268463
98.967000,301.852936,394.500000
99.000000,308.500000,392.500000
99.033000,314.500000,391.500000
99.066000,320.500000,390.500000
99.099000,325.013824,388.837006
99.132000,327.178558,387.642853
99.165000,332.500000,386.500000
99.198000,335.642853,385.357147
99.231000,337.235840,384.330200
99.264000,338.500000,384.136353
99.297000,338.500000,384.000000
99.330000,338.500000,384.000000
99.363000,337.553772,383.978485
99.396000,336.833344,384.166656
99.429000,334.611115,384.388885
99.462000,331.807678,385.192322
99.495000,328.500000,386.500000
99.528000,325.630646,386.650757
99.561000,317.908386,388.971191
99.594000,312.500000,390.500000
99.627000,305.791840,392.405579
99.660000,302.500000,392.500000
99.693000,292.500000,394.500000
99.726000,283.766663,395.766663
99.759000,277.500000,396.500000
99.792000,270.500000,397.500000
99.825000,267.157379,398.412354
99.858000,256.088226,399.500000
99.891000,247.500000,399.500000
99.924000,241.500000,400.500000
99.957000,238.107147,400.892853
99.990000,229.233337,400.500000
100.023000,224.500000,401.233337
100.056000,219.943665,400.704224
100.089000,216.500000,400.500000
100.122000,215.208160,400.594421
100.155000,211.500000,400.500000
100.188000,210.500000,400.500000
100.221000,210.500000,401.000000
100.254000,210.561615,400.580566
100.287000,211.452789,400.753204
100.320000,214.500000,401.500000
100.353000,218.633636,401.882477
100.386000,222.587646,401.842621
100.419000,227.500000,401.500000
100.452000,233.612106,402.127808
100.485000,239.794113,401.794128
100.518000,246.500000,401.500000
100.551000,253.500000,400.633331
100.584000,260.892853,400.107147
100.617000,267.964294,399.035706
100.650000,276.500000,399.500000
100.683000,279.140564,397.777588
100.716000,290.500000,396.500000
100.749000,297.500000,394.500000
100.782000,303.964294,393.035706
100.815000,310.500000,392.500000
100.848000,316.500000,390.500000
100.881000,321.500000,389.323517
100.914000,323.500000,388.500000
100.947000,329.807678,387.192322
100.980000,333.277771,385.722229
101.013000,335.962677,385.485077
101.046000,336.500000,384.500000
101.079000,337.308990,384.421356
101.112000,338.500000,384.500000
101.145000,338.500000,384.500000
101.178000,337.500000,384.000000
101.211000,335.066040,383.990570
101.244000,332.777771,384.777771
101.277000,329.500000,385.500000
101.310000,325.500000,387.500000
101.343000,323.500000,387.500000
101.376000,315.323517,389.500000
101.409000,309.357147,391.357147
101.442000,302.892853,392.107147
101.475000,296.500000,394.500000
101.508000,292.500000,394.500000
101.541000,280.500000,396.500000
101.574000,274.500000,397.500000
101.607000,267.294006,397.946350
101.640000,260.000000,398.500000
101.673000,252.366669,399.500000
101.706000,246.500000,400.500000
101.739000,239.147064,400.500000
101.772000,233.233337,400.500000
101.805000,227.882492,400.633636
101.838000,222.500000,400.500000
101.871000,218.500000,400.500000
101.904000,217.208160,400.594421
101.937000,213.500000,400.500000
101.970000,211.983139,401.207855
102.003000,211.821426,401.178558
102.036000,211.733765,400.993500
102.069000,212.500000,401.233337
102.102000,214.500000,401.500000
102.135000,216.500000,401.500000
102.168000,220.633636,401.882477
102.201000,225.451614,402.397858
102.234000,230.704224,401.943665
102.267000,233.500000,401.500000
102.300000,240.127808,401.612122
102.333000,249.679489,401.012817
102.366000,256.892853,400.107147
102.399000,260.892853,400.107147
102.432000,271.500000,398.500000
102.465000,278.799652,397.817688
102.498000,286.107147,396.892853
102.531000,293.946350,395.294006
102.564000,296.314819,394.685181
102.597000,303.380005,393.619995
102.630000,313.045441,391.530304
102.663000,318.500000,390.500000
102.696000,322.500000,388.500000
102.729000,327.453491,387.802338
102.762000,330.500000,386.500000
102.795000,332.500000,386.500000
102.828000,334.700012,385.000000
102.861000,336.500000,384.500000
102.894000,336.966675,384.033325
102.927000,336.944458,384.055542
102.960000,336.500000,384.500000
102.993000,335.764160,384.330200
103.026000,333.964294,385.035706
103.059000,332.000000,384.823517
103.092000,327.500000,386.500000
103.125000,322.735291,388.264709
103.158000,317.807678,389.192322
103.191000,312.500000,390.500000
103.224000,306.500000,391.500000
103.257000,299.921051,393.078949
103.290000,292.500000,394.500000
103.323000,289.487640,395.030853
103.356000,281.560822,397.271851
103.389000,270.731537,397.613312
103.422000,264.500000,398.500000
103.455000,257.500000,399.500000
103.488000,249.320511,399.987183
103.521000,242.708527,399.822266
103.554000,236.892853,400.107147
103.587000,231.233337,400.500000
103.620000,228.500000,400.500000
103.653000,221.943665,400.704224
103.686000,218.500000,401.000000
103.719000,215.233337,400.500000
103.752000,213.233337,400.500000
103.785000,212.500000,400.500000
103.818000,212.134979,401.093170
103.851000,212.134979,401.093170
103.884000,213.678574,401.321442
103.917000,216.127808,401.612122
103.950000,218.840576,401.739136
103.983000,223.010910,402.172485
104.016000,227.500000,401.500000
104.049000,233.791840,402.405579
104.082000,239.791840,402.405579
104.115000,249.739136,400.840576
104.148000,253.147064,400.500000
104.181000,256.892853,400.107147
104.214000,264.405579,399.791840
104.247000,272.102844,398.890076
104.280000,278.500000,398.500000
104.313000,284.500000,397.500000
104.346000,292.500000,395.653839
104.379000,299.500000,394.500000
104.412000,309.500000,392.500000
104.445000,314.314819,390.685181
104.478000,320.500000,390.500000
104.511000,322.500000,389.000000
104.544000,326.500000,388.500000
104.577000,330.500000,387.000000
104.610000,332.750000,386.250000
104.643000,334.500000,384.500000
104.676000,336.029419,385.000000
104.709000,336.243835,384.421173
104.742000,336.500000,384.192322
104.775000,334.863647,384.500000
104.808000,333.421173,384.987671
104.841000,330.500000,386.500000
104.874000,326.666656,386.666656
104.907000,323.020752,387.573730
104.940000,318.349243,389.369354
104.973000,312.500000,390.500000
105.006000,306.500000,392.500000
105.039000,303.035706,391.964294
105.072000,296.650757,393.630646
105.105000,289.500000,395.029419
105.138000,281.500000,395.807678
105.171000,278.107147,396.892853
105.204000,268.892853,398.107147
105.237000,261.035706,399.035706
105.270000,254.500000,399.500000
105.303000,247.177719,400.291473
105.336000,240.892853,400.107147
105.369000,234.500000,400.500000
105.402000,229.500000,400.500000
105.435000,224.500000,400.500000
105.468000,220.500000,400.500000
105.501000,217.500000,400.500000
105.534000,214.500000,400.500000
105.567000,213.548386,400.602142
105.600000,212.600006,400.600006
105.633000,212.600006,400.600006
105.666000,213.678574,401.321442
105.699000,214.500000,401.500000
105.732000,217.500000,401.500000
105.765000,221.612106,402.127808
105.798000,226.500000,402.500000
105.831000,233.631577,402.157898
105.864000,236.500000,401.766663
105.897000,242.731522,401.613312
105.930000,249.964279,401.035706
105.963000,256.892853,400.107147
105.996000,263.500000,399.970581
106.029000,268.405579,399.791840
106.062000,271.840424,399.031921
106.095000,281.012634,397.629974
106.128000,287.852936,396.500000
106.161000,295.202820,395.207550
106.194000,302.314819,394.685181
106.227000,308.314819,392.685181
106.260000,313.964294,391.035706
106.293000,319.426270,389.979248
106.326000,323.000000,388.500000
106.359000,327.970581,387.500000
106.392000,330.500000,386.500000
106.425000,333.029419,385.500000
106.458000,334.500000,384.500000
106.491000,335.887848,384.682251
106.524000,336.192322,384.500000
106.557000,335.435486,384.080658
106.590000,334.212341,385.390411
106.623000,331.621948,384.865845
106.656000,330.500000,386.500000
106.689000,326.685181,386.314819
106.722000,322.500000,388.000000
106.755000,317.421173,388.987671
106.788000,312.500000,390.500000
106.821000,306.500000,391.500000
106.854000,299.875549,392.692139
106.887000,293.035706,393.964294
106.920000,285.964294,395.035706
106.953000,278.500000,396.500000
106.986000,275.822266,396.708527
107.019000,265.500000,398.500000
107.052000,258.500000,399.000000
107.085000,251.500000,399.500000
107.118000,241.653839,400.500000
107.151000,238.500000,400.500000
107.184000,232.708527,401.177734
107.217000,227.888885,400.555542
107.250000,223.500000,400.500000
107.283000,219.882492,400.633636
107.316000,217.208160,400.594421
107.349000,215.208160,400.594421
107.382000,214.200363,401.182312
107.415000,213.452789,400.753204
107.448000,213.859436,401.222412
107.481000,214.500000,401.233337
107.514000,215.954544,401.500000
107.547000,218.587646,401.842621
107.580000,221.612106,402.127808
107.613000,225.612106,402.127808
107.646000,228.500000,401.766663
107.679000,236.500000,401.766663
107.712000,246.159424,401.260864
107.745000,248.594421,401.208160
107.778000,256.107147,400.892853
107.811000,264.383575,400.410950
107.844000,269.822266,398.708527
107.877000,277.766663,398.500000
107.910000,283.633331,397.366669
107.943000,291.852936,396.500000
107.976000,298.314819,394.685181
108.009000,301.260864,394.159424
108.042000,313.500000,391.500000
108.075000,318.500000,390.500000
108.108000,323.200012,389.200012
108.141000,327.435486,387.919342
108.174000,330.019989,386.980011
108.207000,332.500000,386.136353
108.240000,334.235291,385.000000
108.273000,334.756165,384.578827
108.306000,334.863647,384.500000
108.339000,334.863647,384.500000
108.372000,334.500000,385.000000
108.405000,332.500000,385.500000
108.438000,330.500000,386.500000
108.471000,326.500000,386.500000
108.504000,322.500000,388.136353
108.537000,317.500000,388.966675
108.570000,312.500000,390.500000
108.603000,306.987671,391.421173
108.636000,300.500000,392.500000
108.669000,293.630646,394.349243
108.702000,286.633331,395.500000
108.735000,279.842621,396.587646
108.768000,273.821442,397.178558
108.801000,269.500000,397.500000
108.834000,263.157379,398.412354
108.867000,255.208160,398.594421
108.900000,248.708527,399.822266
108.933000,245.847275,400.299164
108.966000,236.500000,400.500000
108.999000,231.147064,400.500000
109.032000,224.500000,401.233337
109.065000,222.500000,400.500000
109.098000,219.208160,400.594421
109.131000,216.500000,400.500000
109.164000,214.613205,401.160370
109.197000,214.500000,401.000000
109.230000,214.500000,401.233337
109.263000,214.500000,401.000000
109.296000,216.405579,401.791840
109.329000,218.500000,401.766663
109.362000,221.824722,402.260162
109.395000,226.500000,402.500000
109.428000,230.892853,402.107147
109.461000,236.587646,401.842621
109.494000,242.587646,401.842621
109.527000,248.633331,401.500000
109.560000,256.107147,400.892853
109.593000,263.500000,400.500000
109.626000,269.964294,399.035706
109.659000,277.124451,398.307861
109.692000,282.500000,397.500000
109.725000,290.500000,396.500000
109.758000,296.500000,394.500000
109.791000,303.667358,393.781647
109.824000,309.923065,392.000000
109.857000,314.500000,390.500000
109.890000,319.969147,389.512360
109.923000,324.500000,388.500000
109.956000,327.946350,387.294006
109.989000,330.735291,386.264709
110.022000,332.500000,386.000000
110.055000,334.029419,385.000000
110.088000,334.500000,384.863647
110.121000,334.653839,384.653839
110.154000,334.244507,385.156403
110.187000,332.674316,384.807343
110.220000,330.189178,384.945953
110.253000,328.500000,386.500000
110.286000,324.500000,386.863647
110.319000,320.500000,388.500000
110.352000,315.029419,389.500000
110.385000,309.964294,391.035706
110.418000,303.578827,392.012329
110.451000,297.500000,392.500000
110.484000,290.500000,394.500000
110.517000,283.500000,396.366669
110.550000,276.500000,396.500000
110.583000,270.500000,397.700012
110.616000,263.157379,398.412354
110.649000,256.366669,399.500000
110.682000,249.500000,399.500000
110.715000,243.035721,399.964294
110.748000,236.500000,400.500000
110.781000,232.107147,400.892853
110.814000,229.500000,400.500000
110.847000,222.500000,400.500000
110.880000,221.233337,400.500000
110.913000,218.500000,400.500000
110.946000,216.500000,401.233337
110.979000,215.500000,400.500000
111.012000,214.500000,400.500000
111.045000,214.589035,400.616425
111.078000,214.988266,401.138489
111.111000,215.859436,401.222412
111.144000,218.704224,401.943665
111.177000,222.587646,401.842621
111.210000,226.587646,401.842621
111.243000,231.056335,402.295776
111.276000,236.892853,402.107147
111.309000,242.587646,401.842621
111.342000,246.405579,401.791840
111.375000,254.892853,400.107147
111.408000,261.500000,398.500000
111.441000,269.500000,397.500000
111.474000,273.500000,397.236847
